Age,% Cases,% Deaths
0 to 9,3.9994279201184333,0.0
10 to 19,11.950137342841796,0.0
20 to 29,18.985628130608895,0.4770513206789194
30 to 39,15.54332304171816,1.0294265340966156
40 to 49,14.52373258104101,2.9275886311137893
50 to 59,14.779967596696785,8.160088380034146
60 to 69,10.63162422649123,17.766395500652806
70 to 79,5.759337784784422,27.016169528974594
89+,3.7584774814510737,42.62328010444913
Unknown,0.06834389424819533,0.0
