Age,% Cases,% Deaths
0 to 9,2.829147403057187,0.0
10 to 19,9.552841295625251,0.0
20 to 29,18.876601829869355,0.37725858759679665
30 to 39,15.036548794202172,0.6750943146468992
40 to 49,14.489184611326309,2.329737242703025
50 to 59,15.470240326544213,6.664901714210074
60 to 69,11.817790550765684,16.20226355152558
70 to 79,6.945832812695239,27.056721159573765
89+,4.906840490371666,46.694023429743865
Unknown,0.0749718855429214,0.0
