Age,% Cases,% Deaths
0 to 9,2.0506835611870624,0.0
10 to 19,9.22807602534178,0.0
20 to 29,19.138197581011855,0.1617171420170538
30 to 39,13.825062899754464,0.911496618641576
40 to 49,14.19260965776471,3.1608350485151426
50 to 59,15.158840825729788,7.835930608644516
60 to 69,12.010063960714177,17.641870038224052
70 to 79,7.667707417624056,26.962658041752423
89+,6.660553517839279,43.32549250220523
Unknown,0.06820455303282912,0.0
