Age,% Cases,% Deaths
0 to 9,2.625955334372197,0.0
10 to 19,9.068494736102442,0.0
20 to 29,18.859716200073574,0.35196856838831136
30 to 39,15.028665197928333,0.7203077678644512
40 to 49,14.61718423848122,2.4637799787181796
50 to 59,15.666037010552595,6.965703527870999
60 to 69,11.972008547891754,16.28059261684538
70 to 79,7.066684302549074,27.273471392322175
89+,5.013206244755737,45.944176147990504
Unknown,0.08204818729307116,0.0
