Age,% Cases,% Deaths
0 to 9,6.639625103093735,0.0
10 to 19,12.65155629039356,0.0
20 to 29,18.14100017194432,0.516270337922403
30 to 39,16.494026149136925,1.5112640801001251
40 to 49,14.172146379989178,3.760951188986233
50 to 59,13.713628190320021,9.480600750938674
60 to 69,9.909918661593176,19.261576971214016
70 to 79,5.207290050641002,26.68335419274093
89+,2.9820682473239346,38.78598247809762
Unknown,0.08874075556414739,0.0
