Age,% Cases,% Deaths
0 to 9,4.942407427903617,0.0
10 to 19,12.78653579175516,0.0
20 to 29,18.223689428013422,0.5198530070807564
30 to 39,15.654442824436995,1.2144841803352155
40 to 49,14.254303211362169,3.199784888410863
50 to 59,14.263802478001356,8.64479698843775
60 to 69,10.477691103021726,18.109706910459803
70 to 79,5.755074046347707,27.032356368199338
89+,3.572334300980342,41.279017657076274
Unknown,0.06971938817750904,0.0
