Age,% Cases,% Deaths
0 to 9,5.948619746269424,0.0
10 to 19,12.524109167060393,0.0
20 to 29,18.254665491964865,0.501927693314905
30 to 39,16.242341148943584,1.4585000363715719
40 to 49,14.192795635723801,3.680803084309304
50 to 59,13.948414215228597,9.351131155888558
60 to 69,10.165327164060141,18.887757328871754
70 to 79,5.43341358234338,26.656725103658978
89+,3.2210097840294862,39.46315559758492
Unknown,0.06930406437633235,0.0
