Age,% Cases,% Deaths
0 to 9,2.087335678977702,0.0
10 to 19,9.36171131305718,0.0
20 to 29,19.107647807973752,0.16004655899898151
30 to 39,13.878156006936198,0.8875309180852612
40 to 49,14.178916542548981,3.113633056889277
50 to 59,15.126528086572986,7.8131820165866435
60 to 69,11.99876242076255,17.64877055143314
70 to 79,7.625502766565213,27.062418158009606
89+,6.56564566379577,43.31441873999709
Unknown,0.06979371280966463,0.0
