Age,% Cases,% Deaths
0 to 9,2.733214827982076,0.0
10 to 19,9.226752583046329,0.0
20 to 29,18.879383772173462,0.3770575012689435
30 to 39,15.068696070806947,0.6961061561888188
40 to 49,14.564492834129542,2.34210717134363
50 to 59,15.56308558308336,6.729026176491915
60 to 69,11.897937266229679,16.003190486549197
70 to 79,7.017368440543644,27.285911101442974
89+,4.966855534570233,46.566601406714526
Unknown,0.08221308743472948,0.0
