Age,% Cases,% Deaths
0 to 9,2.7809768380091273,0.0
10 to 19,9.351528634172162,0.0
20 to 29,18.868116854318373,0.37844904699649073
30 to 39,15.06012246241005,0.6812082845936833
40 to 49,14.534006208958642,2.31197963256038
50 to 59,15.533305197499248,6.633179660083948
60 to 69,11.868732027639881,16.149452969104797
70 to 79,6.98472081145653,27.138237115530174
89+,4.942488447617277,46.70749329113053
Unknown,0.07600251791871128,0.0
