Age,% Cases,% Deaths
0 to 9,2.766053812549284,0.0
10 to 19,9.31226688656996,0.0
20 to 29,18.860917783475855,0.36247037501742646
30 to 39,15.068668652773543,0.6831172452251498
40 to 49,14.547360709368565,2.3212045169385194
50 to 59,15.542880239920748,6.663878433012687
60 to 69,11.879108525523158,16.074167015195872
70 to 79,6.993177343945953,27.178307542172035
89+,4.952876576870817,46.71685487243831
Unknown,0.07668946900211662,0.0
