Age,% Cases,% Deaths
0 to 9,4.038832695373771,0.0
10 to 19,11.9478099590544,0.0
20 to 29,18.987419394401016,0.4839353422470565
30 to 39,15.565890572184102,1.0277389742566354
40 to 49,14.509438143742079,2.9385352225104766
50 to 59,14.754401705815653,8.172021552584315
60 to 69,10.62530795265544,17.7958491319098
70 to 79,5.763582729262011,27.010576731191378
89+,3.739755531313809,42.57134304530034
Unknown,0.06756131619771798,0.0
