Age,% Cases,% Deaths
0 to 9,3.8600725139342402,0.0
10 to 19,11.873443910049875,0.0
20 to 29,18.97668445489663,0.4417865416734012
30 to 39,15.49914062205961,0.9158989278594903
40 to 49,14.567454040102785,2.8446743171165347
50 to 59,14.899001707350731,7.639674586498573
60 to 69,10.679781066769161,17.40746727008243
70 to 79,5.778076339221052,27.03518129411131
89+,3.800537638700862,43.71531706265826
Unknown,0.0658077069150556,0.0
