Age,% Cases,% Deaths
0 to 9,2.232990084333696,0.0
10 to 19,9.511403577725124,0.0
20 to 29,19.080639184287655,0.15134837644468904
30 to 39,14.098662564148635,0.8530544854155201
40 to 49,14.207588909725889,2.98569069895432
50 to 59,15.2889917013846,7.691249312052835
60 to 69,12.00154967378244,17.267473858007705
70 to 79,7.460893196033734,27.118877270225646
89+,6.0448507035294385,43.93230599889929
Unknown,0.07243040504879227,0.0
