Age,% Cases,% Deaths
0 to 9,3.051239944605465,0.0
10 to 19,10.395404977940565,0.0
20 to 29,18.87440121686355,0.3693501940653562
30 to 39,15.157367397440652,0.6948791786653311
40 to 49,14.56921668192791,2.391386002253662
50 to 59,15.362296905624968,6.75472643044948
60 to 69,11.475447053570754,16.320270439464128
70 to 79,6.534738881363371,27.100287967947917
89+,4.508600531242669,46.36909978715413
Unknown,0.07128640942009792,0.0
