Age,% Cases,% Deaths
0 to 9,3.7483536684141456,0.0
10 to 19,11.72023749433615,0.0
20 to 29,18.982643380514478,0.4429740944263766
30 to 39,15.476925532988847,0.9139845239430301
40 to 49,14.586204386930767,2.7027027027027026
50 to 59,14.989658337774417,7.283839856453965
60 to 69,10.755211329109022,17.1862734103398
70 to 79,5.821968460864849,27.1055287652798
89+,3.8515355196773307,44.36469664685433
Unknown,0.06726188938999453,0.0
