Age,% Cases,% Deaths
0 to 9,2.682519406504864,0.0
10 to 19,9.111472042880235,0.0
20 to 29,18.864914542018045,0.36133694670280037
30 to 39,15.091893099973605,0.7151460403492924
40 to 49,14.60559855267645,2.3712737127371275
50 to 59,15.593601103603474,6.775067750677506
60 to 69,11.930400537929627,16.026799156880458
70 to 79,7.048766249154668,27.303523035230352
89+,4.983748436979194,46.44685335742246
Unknown,0.08708602827983901,0.0
