Age,% Cases,% Deaths
0 to 9,6.635675287754515,0.0
10 to 19,12.654975127643736,0.0
20 to 29,18.146293505959303,0.5169098874775427
30 to 39,16.49364686456612,1.5160588772969397
40 to 49,14.172696954977898,3.7570523528855553
50 to 59,13.714487424278007,9.477731900274215
60 to 69,9.908392128948252,19.26434897721184
70 to 79,5.204353962972742,26.6681375484603
89+,2.979869217742394,38.79976045639361
Unknown,0.08960952515703546,0.0
