Age,% Cases,% Deaths
0 to 9,3.9775485169136275,0.0
10 to 19,11.947758823062191,0.0
20 to 29,18.976533611035116,0.4829459704195593
30 to 39,15.536223314594347,1.0363215615253043
40 to 49,14.526391965475549,2.9228292584767077
50 to 59,14.803726028364414,8.164805312405674
60 to 69,10.632242235970029,17.723110976959454
70 to 79,5.759701176408292,27.004728845960358
89+,3.7701547069569594,42.66525807425295
Unknown,0.0697196212194756,0.0
