Age,% Cases,% Deaths
0 to 9,2.572242171339536,0.0
10 to 19,9.117020228703447,0.0
20 to 29,18.916165948796934,0.3653969123960903
30 to 39,14.944973270172737,0.675984287932767
40 to 49,14.644766416233109,2.5121037727231204
50 to 59,15.697169414272027,7.12523979172376
60 to 69,11.950068503577409,16.34237690691514
70 to 79,7.075344980433945,27.40476842970677
89+,4.997179264459628,45.57412989860236
Unknown,0.08506980201122921,0.0
