Age,% Cases,% Deaths
0 to 9,2.813363300499083,0.0
10 to 19,9.492561054012722,0.0
20 to 29,18.866176050675577,0.37566244046421143
30 to 39,15.047464557052942,0.6842423022740994
40 to 49,14.501609012572544,2.294224189977863
50 to 59,15.489964911788972,6.6277587710471595
60 to 69,11.835570652031105,16.23398403434628
70 to 79,6.957556052672607,27.09465351848125
89+,4.920232566694754,46.689474743409136
Unknown,0.07550184199969519,0.0
