Age,% Cases,% Deaths
0 to 9,1.9381757817757639,0.0
10 to 19,8.25160393018978,0.0
20 to 29,18.140786935259545,0.2603767805176903
30 to 39,14.105612634034726,0.9342931536223006
40 to 49,14.609897258737496,3.078572522591515
50 to 59,15.384270267845126,7.887884821565323
60 to 69,12.42047646821302,17.736253637616787
70 to 79,7.936650365651218,27.06386889263287
89+,7.1344609448606935,43.038750191453516
Unknown,0.07806541343263493,0.0
