Age,% Cases,% Deaths
0 to 9,4.104178440703748,0.0
10 to 19,11.937315466727231,0.0
20 to 29,18.98071610793909,0.48555715205866323
30 to 39,15.588737066165248,1.0503889411881286
40 to 49,14.481880747270623,2.972798890155081
50 to 59,14.725477871852702,8.195015607194172
60 to 69,10.616334528783229,17.747609374225835
70 to 79,5.766153098574439,27.03760590596046
89+,3.725578226262221,42.51102412921766
Unknown,0.07362844572146897,0.0
