Age,% Cases,% Deaths
0 to 9,6.56005900932423,0.0
10 to 19,12.719903801263605,0.0
20 to 29,18.225748491668718,0.5215209928703459
30 to 39,16.48234548127738,1.5150514919461315
40 to 49,14.190707225954547,3.762872986532876
50 to 59,13.724993455021814,9.469897016107737
60 to 69,9.874654957708989,19.339186691312385
70 to 79,5.163614500287183,26.59426987060998
89+,2.9605698660245454,38.79720095062054
Unknown,0.09740321146899174,0.0
