Age,% Cases,% Deaths
0 to 9,3.3741407987295884,0.0
10 to 19,11.126088840568052,0.0
20 to 29,18.97689854613674,0.4201428485685133
30 to 39,15.379345956142787,0.7802652901986675
40 to 49,14.645408381704625,2.508853010023408
50 to 59,15.254017390311555,6.962367204849648
60 to 69,11.036308956970526,16.595642518456273
70 to 79,6.063126156305221,27.07520556989376
89+,4.073827088095862,45.65752355800972
Unknown,0.0708378850350427,0.0
