Age,% Cases,% Deaths
0 to 9,2.435096851506839,0.0
10 to 19,9.298805700929037,0.0
20 to 29,19.206463632703887,0.382519995363394
30 to 39,14.618070834074503,0.7882230207488119
40 to 49,14.532251068065996,2.712414512576794
50 to 59,15.614204263525973,7.534484757157761
60 to 69,11.89867650317221,16.645415555813145
70 to 79,7.170163432041668,27.216877245856036
89+,5.144816954240901,44.72006491248406
Unknown,0.08145075973898308,0.0
