Age,% Cases,% Deaths
0 to 9,2.405573758686494,0.0
10 to 19,9.405897814424081,0.0
20 to 29,19.391495337198,0.2952029520295203
30 to 39,14.47268930256004,0.8118081180811807
40 to 49,14.366110971087027,2.8044280442804426
50 to 59,15.481222770316494,7.662976629766298
60 to 69,11.86116011954056,16.888068880688806
70 to 79,7.218161523782091,27.170971709717094
89+,5.316314406077845,44.36654366543665
Unknown,0.08137399632736832,0.0
