Age,% Cases,% Deaths
0 to 9,3.6616137388467815,0.0
10 to 19,11.58879401323995,0.0
20 to 29,18.98685599155713,0.43680671302948443
30 to 39,15.449606639163388,0.850623599057417
40 to 49,14.600283027919026,2.6495775619288464
50 to 59,15.060683104672359,7.155583654233003
60 to 69,10.820301256835844,16.920512673142134
70 to 79,5.873189101026576,27.082016207828037
89+,3.891034251175286,44.90487959078108
Unknown,0.06763887556365729,0.0
