Age,% Cases,% Deaths
0 to 9,2.0517095030167702,0.0
10 to 19,9.206310364077112,0.0
20 to 29,19.136033769471357,0.1474708745022858
30 to 39,13.830494994991168,0.9143194219141719
40 to 49,14.193730930113407,3.126382539448459
50 to 59,15.16185028561815,7.874944698422063
60 to 69,11.995197638584068,17.66701076537384
70 to 79,7.666954706390658,26.972422946468072
89+,6.690423571335715,43.29744875387111
Unknown,0.06729423640159365,0.0
