Age,% Cases,% Deaths
0 to 9,6.029358315522479,0.0
10 to 19,12.54429415183354,0.0
20 to 29,18.43838316902535,0.510681147953679
30 to 39,16.276096891839885,1.4816945982881393
40 to 49,14.192212081321,3.6718693807091993
50 to 59,13.902519256839755,9.400848737682514
60 to 69,10.060609449458715,18.98870747320722
70 to 79,5.343077798881798,26.60217219305186
89+,3.144029680725196,39.34402646910738
Unknown,0.06941920455228182,0.0
