Age,% Cases,% Deaths
0 to 9,3.9343547060896413,0.0
10 to 19,11.943796530912469,0.0
20 to 29,18.9605043097903,0.4583885097280228
30 to 39,15.519048657840125,0.9880818987470714
40 to 49,14.532355589862345,2.9285932565957014
50 to 59,14.848276363555005,8.01161250891311
60 to 69,10.648118626908081,17.72435570948355
70 to 79,5.763652330530991,27.02964245696241
89+,3.7828827770599456,42.85932565957013
Unknown,0.06701010745109884,0.0
