Age,% Cases,% Deaths
0 to 9,2.671958961955939,0.0
10 to 19,9.093320590214455,0.0
20 to 29,18.85370444416271,0.3531669865642994
30 to 39,15.089868245253028,0.7063339731285988
40 to 49,14.613171573742672,2.3953934740882916
50 to 59,15.60557446435015,6.848368522072937
60 to 69,11.93087508167624,16.084452975047984
70 to 79,7.054486585591824,27.355086372360844
89+,4.990296375037791,46.257197696737045
Unknown,0.09674367801519422,0.0
