Age,% Cases,% Deaths
0 to 9,2.841838551369315,0.0
10 to 19,9.610750169003474,0.0
20 to 29,18.88624561150015,0.37267080745341613
30 to 39,15.03262240065778,0.6734226871526643
40 to 49,14.48716691694662,2.3210199411572408
50 to 59,15.453195928779442,6.701536449820203
60 to 69,11.800484734643046,16.23406341941811
70 to 79,6.9245840278387,27.028440666884602
89+,4.890005831264868,46.66884602811376
Unknown,0.07310582799660789,0.0
