Age,% Cases,% Deaths
0 to 9,2.4518163390070464,0.0
10 to 19,9.267584952130786,0.0
20 to 29,19.1222368802085,0.3830554303740424
30 to 39,14.652688602944403,0.7999098693105002
40 to 49,14.583071293390157,2.782785038305543
50 to 59,15.653364300360664,7.43578188373141
60 to 69,11.946096311745142,16.516448850833708
70 to 79,7.152154772734585,27.163136547994593
89+,5.09025386917211,44.9188823794502
Unknown,0.08073267830660281,0.0
