Age,% Cases,% Deaths
0 to 9,2.7113091166035352,0.0
10 to 19,9.194947736171217,0.0
20 to 29,18.877766178171207,0.38151137197358764
30 to 39,15.080696401227268,0.7116654438738078
40 to 49,14.588702316401864,2.35509904622157
50 to 59,15.571003649190413,6.727806309611152
60 to 69,11.896510684237258,16.00880410858401
70 to 79,7.021739578628152,27.285399853264856
89+,4.974107054164332,46.52971386647102
Unknown,0.08321728520475388,0.0
