Age,% Cases,% Deaths
0 to 9,2.633983633897583,0.0
10 to 19,9.071836289803763,0.0
20 to 29,18.85277473867096,0.3504768114760779
30 to 39,15.041529906859912,0.7172548699975548
40 to 49,14.628279674317021,2.4859401744233436
50 to 59,15.656590490942095,6.952481864862663
60 to 69,11.96909535692773,16.284945798353572
70 to 79,7.058035330128954,27.239383812861682
89+,5.003462532935039,45.96951666802511
Unknown,0.08441204551694183,0.0
