Age,% Cases,% Deaths
0 to 9,2.4010619091567604,0.0
10 to 19,9.411942065648637,0.0
20 to 29,19.391608417321475,0.3098661378284581
30 to 39,14.464099895941725,0.8180466038671295
40 to 49,14.365557079455662,2.8135845314823995
50 to 59,15.480046918146954,7.68468021814576
60 to 69,11.854921441519618,16.955875061973227
70 to 79,7.2105396689990915,27.169062964799206
89+,5.337123064534514,44.248884481903815
Unknown,0.08309953927556323,0.0
