Age,% Cases,% Deaths
0 to 9,1.8944632663479837,0.0
10 to 19,7.807119320555065,0.0
20 to 29,17.672065716805125,0.24740992732333383
30 to 39,14.250707755139928,0.927787227462502
40 to 49,14.789065763215298,2.999845368795423
50 to 59,15.568756671462383,7.886191433431266
60 to 69,12.596649185501462,17.76712540590691
70 to 79,8.073513714206154,27.075923921447348
89+,7.314243282127442,43.095716715633216
Unknown,0.03341532463916091,0.0
