Age,% Cases,% Deaths
0 to 9,2.981442624304873,0.0
10 to 19,10.171373385581381,0.0
20 to 29,18.820733812926786,0.3661616161616162
30 to 39,15.067801213861722,0.6818181818181818
40 to 49,14.532348731894128,2.3547979797979797
50 to 59,15.376428971934411,6.698232323232323
60 to 69,11.610630264581193,16.300505050505052
70 to 79,6.706736916676858,27.108585858585858
89+,4.659596131272426,46.48989898989899
Unknown,0.07290794696621931,0.0
