Age,% Cases,% Deaths
0 to 9,2.6218955097524788,0.0
10 to 19,9.080031516391038,0.0
20 to 29,18.86310486743837,0.35938152946092766
30 to 39,15.02183515921645,0.7521938988717092
40 to 49,14.623060610378616,2.4655244463017136
50 to 59,15.663897806425656,7.020476389469285
60 to 69,11.96596062127524,16.24738821562892
70 to 79,7.068766082998751,27.29628081905558
89+,5.008256288609675,45.858754701211865
Unknown,0.08319153751372556,0.0
