Age,% Cases,% Deaths
0 to 9,3.9294498635724406,0.0
10 to 19,11.942313833810502,0.0
20 to 29,18.960125053926706,0.45195418828000616
30 to 39,15.516099572508308,0.9655384931436495
40 to 49,14.535950202540299,2.891479636382312
50 to 59,14.851834628508037,7.940013353191927
60 to 69,10.649417591591357,17.677571773406605
70 to 79,5.763686177395046,27.071028709362643
89+,3.783889782220155,43.002413846232855
Unknown,0.06723329392715273,0.0
