Age,% Cases,% Deaths
0 to 9,2.5789847355342563,0.0
10 to 19,9.114749733759318,0.0
20 to 29,18.907747603833865,0.35922766052986077
30 to 39,14.95030173943912,0.673551863493489
40 to 49,14.632809726659568,2.487651549169286
50 to 59,15.70709087681931,7.121688370004491
60 to 69,11.957090876819311,16.299955096542433
70 to 79,7.069577564785233,27.45397395599461
89+,4.995784522541711,45.60395150426583
Unknown,0.08586261980830671,0.0
