Age,% Cases,% Deaths
0 to 9,2.0983434503886085,0.0
10 to 19,9.40673398763261,0.0
20 to 29,19.09215975492143,0.15930485155684287
30 to 39,13.890622340727294,0.8834178131788559
40 to 49,14.172859817325694,3.099203475742216
50 to 59,15.13445282804788,7.79145546705286
60 to 69,11.9894196403245,17.595944967414916
70 to 79,7.61048391671867,27.08182476466329
89+,6.535428603846372,43.38884866039102
Unknown,0.06949566006694276,0.0
