Age,% Cases,% Deaths
0 to 9,2.935196042446901,0.0
10 to 19,10.022022496727482,0.0
20 to 29,18.824362468208676,0.36199669757398706
30 to 39,15.050492582836094,0.6858884796138702
40 to 49,14.509512224434577,2.3498031246030737
50 to 59,15.394472288358285,6.700114314746602
60 to 69,11.675983460390363,16.283500571573732
70 to 79,6.782474250244423,27.117998221770605
89+,4.72899011586172,46.50069859011813
Unknown,0.07649407049147847,0.0
