Age,% Cases,% Deaths
0 to 9,3.9027700131647762,0.0
10 to 19,11.933621575805667,0.0
20 to 29,18.96561829362861,0.45681281176161725
30 to 39,15.513584065210726,0.9608821212916776
40 to 49,14.541667418080827,2.87214491992649
50 to 59,14.868645290436602,7.834077185613022
60 to 69,10.658622026654163,17.495405618272514
70 to 79,5.764999729490902,26.983460225781048
89+,3.783971434239238,43.397217117353634
Unknown,0.06650015328848893,0.0
