Age,% Cases,% Deaths
0 to 9,2.0844789535813004,0.0
10 to 19,9.312334572436194,0.0
20 to 29,19.108579137613738,0.1610305958132045
30 to 39,13.850090549824397,0.8929878495095886
40 to 49,14.185161559949849,3.132777045820524
50 to 59,15.150048757597753,7.846581759625238
60 to 69,12.006100198696377,17.610891523935003
70 to 79,7.63991230964374,27.0238618064705
89+,6.594373446538944,43.33186941882594
Unknown,0.06892051411770744,0.0
