Age,% Cases,% Deaths
0 to 9,2.522567024240107,0.0
10 to 19,9.155764120271968,0.0
20 to 29,18.950600718629996,0.3967102080309627
30 to 39,14.907178937919014,0.7063376874697629
40 to 49,14.64143308025335,2.6124818577648767
50 to 59,15.694204650433766,7.140783744557329
60 to 69,11.939802269882849,16.371552975326562
70 to 79,7.110067232039594,27.44073536526367
89+,4.993599775814039,45.33139816158684
Unknown,0.08478219051531899,0.0
