Age,% Cases,% Deaths
0 to 9,2.50268745779899,0.0
10 to 19,9.14491308724914,0.0
20 to 29,18.981618032415252,0.38713519952352593
30 to 39,14.88815056588964,0.714711137581894
40 to 49,14.651946791991985,2.650387135199524
50 to 59,15.695484827137351,7.067699027198729
60 to 69,11.937431594753303,16.418503077228507
70 to 79,7.119995904826211,27.397260273972602
89+,4.991724336301521,45.364304149295215
Unknown,0.08604740163660694,0.0
