Age,% Cases,% Deaths
0 to 9,2.703659687313423,0.0
10 to 19,9.183214143784596,0.0
20 to 29,18.872128479867108,0.3749724284979046
30 to 39,15.08286137787764,0.713182854201897
40 to 49,14.597690541617148,2.345415778251599
50 to 59,15.573305810184443,6.720094110727152
60 to 69,11.898174394054397,16.028233218145722
70 to 79,7.0295151870148995,27.314168075876772
89+,4.976014555125087,46.503933534298945
Unknown,0.08343582316125714,0.0
