Age,% Cases,% Deaths
0 to 9,4.795255085025345,0.0
10 to 19,12.705484285345726,0.0
20 to 29,18.368027557614706,0.5217868912486269
30 to 39,15.63132341453373,1.2312339802270231
40 to 49,14.26989310816921,3.1352984254851703
50 to 59,14.313850811689333,8.545404613694616
60 to 69,10.498699696970515,18.006224826071033
70 to 79,5.7626841346849655,27.02306847308678
89+,3.5868227569660376,41.53698279018674
Unknown,0.06795914900043418,0.0
