Age,% Cases,% Deaths
0 to 9,2.942584351066032,0.0
10 to 19,10.053236907472574,0.0
20 to 29,18.822772200372594,0.3613999492772001
30 to 39,15.059479145104534,0.6784174486431651
40 to 49,14.514334506313393,2.3395891453208217
50 to 59,15.393907834816808,6.689069236621862
60 to 69,11.656812771682882,16.294699467410602
70 to 79,6.766359190643759,27.124017245751965
89+,4.716770596149866,46.51280750697438
Unknown,0.07374249637756158,0.0
