Age,% Cases,% Deaths
0 to 9,2.8226536811012655,0.0
10 to 19,9.528263110962493,0.0
20 to 29,18.876267903917963,0.37788385043754974
30 to 39,15.040858552081593,0.6762132060461415
40 to 49,14.493117093016775,2.32033943251127
50 to 59,15.475394304185478,6.662688941925218
60 to 69,11.823900685504096,16.19596923892867
70 to 79,6.9511787326534025,27.048528241845666
89+,4.9131276821044425,46.71837708830549
Unknown,0.07523825447249624,0.0
