Age,% Cases,% Deaths
0 to 9,3.619066763704706,0.0
10 to 19,11.528191689684945,0.0
20 to 29,18.991442165288397,0.4345055327037831
30 to 39,15.44321639926713,0.8400440298939807
40 to 49,14.60789810521523,2.62441341753085
50 to 59,15.089495793740076,7.131684143444759
60 to 69,10.847997016201397,16.870401483112218
70 to 79,5.89457648587479,27.08417820520248
89+,3.910059784958216,45.01477318811193
Unknown,0.06805579606511558,0.0
