Age,% Cases,% Deaths
0 to 9,2.859443055382987,0.0
10 to 19,9.68585273527855,0.0
20 to 29,18.883727896760487,0.3687172520861634
30 to 39,15.032670838957188,0.6598098195226082
40 to 49,14.473888008551098,2.302865644608319
50 to 59,15.437928810080217,6.70159777475904
60 to 69,11.779543748627724,16.242965262953618
70 to 79,6.906406003468776,27.039265152985315
89+,4.867010367183125,46.684779093084934
Unknown,0.07352853570984823,0.0
