Age,% Cases,% Deaths
0 to 9,4.17485357136174,0.0
10 to 19,11.98115816372146,0.0
20 to 29,18.953905907254583,0.4967294545812227
30 to 39,15.599718058596407,1.096739290808046
40 to 49,14.447105838224683,3.0098854079575075
50 to 59,14.684552064555433,8.257512418236365
60 to 69,10.605030450087432,17.744553189396548
70 to 79,5.771793800200021,27.029951310677227
89+,3.710149266765221,42.36462892834309
Unknown,0.07173287923301959,0.0
