Age,% Cases,% Deaths
0 to 9,2.0090646889163577,0.0
10 to 19,8.980634528224146,0.0
20 to 29,18.978986402966626,0.34503450345034503
30 to 39,13.885455294602389,0.9300930093009301
40 to 49,14.282653481664607,3.1203120312031203
50 to 59,15.148743304491141,7.875787578757876
60 to 69,12.074165636588381,17.716771677167717
70 to 79,7.7165224557066345,27.09270927092709
89+,6.8471363823650595,42.91929192919292
Unknown,0.07663782447466008,0.0
