Age,% Cases,% Deaths
0 to 9,2.333876274103571,0.0
10 to 19,9.417176923325382,0.0
20 to 29,19.176268105075188,0.23781212841854932
30 to 39,14.298106782453015,0.8323424494649228
40 to 49,14.278727026914789,3.012286959968292
50 to 59,15.309084029697168,7.609988109393578
60 to 69,11.937006566045746,17.175320385784122
70 to 79,7.378149787053401,27.150217994451047
89+,5.780242800651529,43.982031972519486
Unknown,0.09136170468021096,0.0
