Age,% Cases,% Deaths
0 to 9,2.999571825825647,0.0
10 to 19,10.23351960739722,0.0
20 to 29,18.814255533719894,0.3654233870967742
30 to 39,15.085689728995547,0.6867439516129032
40 to 49,14.55556932265355,2.356350806451613
50 to 59,15.379138036766516,6.70992943548387
60 to 69,11.579053029293075,16.311743951612904
70 to 79,6.659127873511389,27.110635080645164
89+,4.622242158374255,46.459173387096776
Unknown,0.0718328834629096,0.0
