Age,% Cases,% Deaths
0 to 9,3.1767042619302877,0.0
10 to 19,10.679496300810564,0.0
20 to 29,18.9826495225928,0.3996802557953637
30 to 39,15.295480880648899,0.7194244604316548
40 to 49,14.637831672553595,2.4534218778823096
50 to 59,15.353627973224382,6.843755764619074
60 to 69,11.246570230086368,16.405337268646623
70 to 79,6.281563318130291,27.129065977986844
89+,4.274649964287062,46.04931439463814
Unknown,0.07142587573574942,0.0
