Age,% Cases,% Deaths
0 to 9,3.884164637943724,0.0
10 to 19,11.915189945082941,0.0
20 to 29,18.97140916039178,0.4557257167081765
30 to 39,15.506199399875445,0.937947114620317
40 to 49,14.55381305553983,2.8456361613057073
50 to 59,14.879465549453661,7.763234592761379
60 to 69,10.666930872445224,17.439457368448945
70 to 79,5.767763120647682,27.014996555561442
89+,3.788937326614958,43.543002490594034
Unknown,0.06612693200475571,0.0
