Age,% Cases,% Deaths
0 to 9,2.803764662769515,0.0
10 to 19,9.445836284386374,0.0
20 to 29,18.8745828884731,0.37104499763880455
30 to 39,15.05072287585845,0.681373541118532
40 to 49,14.510371850301448,2.2937327126762463
50 to 59,15.505273135374933,6.624839776023747
60 to 69,11.840329531319922,16.245024623895297
70 to 79,6.965894635954573,27.12001619105444
89+,4.928170488060127,46.663968157592926
Unknown,0.07505364750155921,0.0
