Age,% Cases,% Deaths
0 to 9,2.1025269585113078,0.0
10 to 19,9.504694470205175,0.0
20 to 29,19.131912243530298,0.17243856875987928
30 to 39,13.939225733955201,0.8765627245293864
40 to 49,14.152456896843502,3.060784595487857
50 to 59,15.143474111029128,7.802845236384538
60 to 69,11.96802209481002,17.545624371317718
70 to 79,7.563275501431694,27.087225176031037
89+,6.419950313754426,43.454519327489585
Unknown,0.07446167592924788,0.0
