Age,% Cases,% Deaths
0 to 9,3.408620174445224,0.0
10 to 19,11.199147396082484,0.0
20 to 29,18.987366123358242,0.42520062282908133
30 to 39,15.390731908137315,0.7785363516588814
40 to 49,14.641368988456247,2.521260031141454
50 to 59,15.229906800952639,6.946939753263864
60 to 69,11.001129879740269,16.636722960833634
70 to 79,6.030300270991589,27.063121331896035
89+,4.041404128870416,45.628218948377054
Unknown,0.0700243289655765,0.0
