Age,% Cases,% Deaths
0 to 9,3.15063923145211,0.0
10 to 19,10.61093111227969,0.0
20 to 29,18.98681390759557,0.3819380274748968
30 to 39,15.291371930360242,0.7084334380582763
40 to 49,14.617365834902433,2.4456354339924844
50 to 59,15.363465703154597,6.831762459188074
60 to 69,11.279565514862625,16.392533727591942
70 to 79,6.319372586272215,27.136080823014847
89+,4.308663127003783,46.10361609067948
Unknown,0.07181105211672971,0.0
