Age,% Cases,% Deaths
0 to 9,2.058578160582625,0.0
10 to 19,9.245939587983736,0.0
20 to 29,19.13222550412242,0.16155088852988692
30 to 39,13.827572471120531,0.8958731091202821
40 to 49,14.199604668816185,3.1575855485386985
50 to 59,15.16388206203543,7.842561315905419
60 to 69,11.995971530142125,17.62373329416948
70 to 79,7.663863272530495,26.978998384491113
89+,6.643968944706245,43.339697459245116
Unknown,0.06839379796021135,0.0
