Age,% Cases,% Deaths
0 to 9,2.736425785933805,0.0
10 to 19,9.234007386172879,0.0
20 to 29,18.871819278575302,0.368763557483731
30 to 39,15.066021760063752,0.6941431670281996
40 to 49,14.562603533704488,2.3427331887201737
50 to 59,15.560032023966322,6.7100506146059296
60 to 69,11.898305459938681,16.008676789587852
70 to 79,7.018893402251269,27.30296456977585
89+,4.969986755064619,46.57266811279827
Unknown,0.08190461432888023,0.0
