Age,% Cases,% Deaths
0 to 9,3.9519370734899377,0.0
10 to 19,11.947067124281638,0.0
20 to 29,18.95752371540622,0.4648107916940332
30 to 39,15.524966279830664,1.0357196988834436
40 to 49,14.53161238053267,2.9101197393017735
50 to 59,14.83086497242291,8.12408427221745
60 to 69,10.64566890577494,17.71333299651392
70 to 79,5.759694270464693,26.984287374324257
89+,3.779997596185948,42.76764512706512
Unknown,0.07066768161037736,0.0
