Age,% Cases,% Deaths
0 to 9,5.586269631909055,0.0
10 to 19,12.860536344400264,0.0
20 to 29,17.795399489101875,0.4954823666569514
30 to 39,15.808328989864734,1.3115709705625183
40 to 49,14.202193963754608,3.430903110296873
50 to 59,14.104703009170219,8.76878877461798
60 to 69,10.427890455066532,18.216263480034975
70 to 79,5.675566794201526,26.918432776783114
89+,3.4724229574886327,40.85855852104759
Unknown,0.06668836504255082,0.0
