Age,% Cases,% Deaths
0 to 9,2.80664039173534,0.0
10 to 19,9.473904215932164,0.0
20 to 29,18.878432777625562,0.3707448601280755
30 to 39,15.046964683401129,0.6808223795079205
40 to 49,14.505307676635685,2.298618132794068
50 to 59,15.497291714966172,6.632962588473205
60 to 69,11.836364785971716,16.238624873609705
70 to 79,6.959168475702714,27.118301314459046
89+,4.9211049521922705,46.65992585102797
Unknown,0.07482032583724998,0.0
