Age,% Cases,% Deaths
0 to 9,2.3393292643023242,0.0
10 to 19,9.427994293467592,0.0
20 to 29,19.28790503073587,0.23376623376623376
30 to 39,14.321302206264097,0.8311688311688312
40 to 49,14.291198938968897,2.9740259740259742
50 to 59,15.336960268049962,7.649350649350649
60 to 69,11.92482036202451,17.03896103896104
70 to 79,7.327309771346052,27.20779220779221
89+,5.657669134552879,44.064935064935064
Unknown,0.08551073028781342,0.0
