Age,% Cases,% Deaths
0 to 9,2.1634074637169656,0.0
10 to 19,9.637984129323518,0.0
20 to 29,19.210810056082593,0.162938823877944
30 to 39,13.347347518170604,0.9035698415049623
40 to 49,13.792595235694282,3.125462894386017
50 to 59,14.97164842495559,7.702562583320989
60 to 69,12.093052118805122,17.41964153458747
70 to 79,7.818984307732882,26.92934380091838
89+,6.8951340785156345,43.756480521404235
Unknown,0.06903666700280024,0.0
