Age,% Cases,% Deaths
0 to 9,2.40632808913157,0.0
10 to 19,9.393651583599398,0.0
20 to 29,19.365228453971003,0.30251694094869314
30 to 39,14.491590468613646,0.7986447241045499
40 to 49,14.393458825013756,2.783155856727977
50 to 59,15.509355800806782,7.575024201355276
60 to 69,11.86937276356232,16.85624394966118
70 to 79,7.197605587896162,27.105517909002902
89+,5.288594649722603,44.57889641819942
Unknown,0.08481377768276142,0.0
