Age,% Cases,% Deaths
0 to 9,5.40829008548977,0.0
10 to 19,12.923448338846027,0.0
20 to 29,17.9090147433123,0.49920385591943883
30 to 39,15.744412193310911,1.248009639798597
40 to 49,14.209964144328014,3.326591212290743
50 to 59,14.113475458916867,8.68012221887507
60 to 69,10.422604559189654,18.139174592245126
70 to 79,5.696485508828913,27.051684813013726
89+,3.503214304149808,41.0552136678573
Unknown,0.06909066362773633,0.0
