Age,% Cases,% Deaths
0 to 9,2.3048862198178526,0.0
10 to 19,9.418567138992977,0.0
20 to 29,19.092736431992456,0.2418704649287826
30 to 39,14.239273395041815,0.8331093791991401
40 to 49,14.278978584013698,2.969631819403386
50 to 59,15.291460902796732,7.618919645256652
60 to 69,11.978559197955182,17.19967750604676
70 to 79,7.425862967466561,27.089492072023653
89+,5.874879023252351,44.047299113141634
Unknown,0.09479613867037248,0.0
