Age,% Cases,% Deaths
0 to 9,3.9931272305564467,0.0
10 to 19,11.951018924207895,0.0
20 to 29,18.986956412230377,0.47762694821518353
30 to 39,15.538744744948636,1.0306686777275011
40 to 49,14.523598589089204,2.9210658622423327
50 to 59,14.78587205654156,8.159879336349924
60 to 69,10.631000395326605,17.7526395173454
70 to 79,5.7578608121826305,27.01860231271996
89+,3.7628303194698898,42.639517345399696
Unknown,0.0689905154467574,0.0
