Age,% Cases,% Deaths
0 to 9,3.970996117843207,0.0
10 to 19,11.94739561379344,0.0
20 to 29,18.971787152926442,0.47350392907515615
30 to 39,15.533826983478981,1.0326415474511383
40 to 49,14.530705990514218,2.921619987910538
50 to 59,14.811053249384043,8.16542413862583
60 to 69,10.63350293568055,17.72113640942978
70 to 79,5.759841748729642,26.994761233125125
89+,3.771190612902833,42.69091275438243
Unknown,0.06969959474664197,0.0
