Age,% Cases,% Deaths
0 to 9,3.034269049045766,0.0
10 to 19,10.350904886186175,0.0
20 to 29,18.851578435985182,0.36953526243266943
30 to 39,15.13364484692259,0.6952273581360391
40 to 49,14.568598633283935,2.392584241513216
50 to 59,15.365211114567831,6.739321057246649
60 to 69,11.505211390424405,16.315921332832268
70 to 79,6.572282851069635,27.113866967305523
89+,4.5465760835416305,46.37354378053363
Unknown,0.07172270897284805,0.0
