Age,% Cases,% Deaths
0 to 9,2.656107798797257,0.0
10 to 19,9.072523480857425,0.0
20 to 29,18.846548110725355,0.35940307836549734
30 to 39,15.084852294154619,0.6875537151339949
40 to 49,14.616523940858178,2.406438002968982
50 to 59,15.629318703194429,6.875537151339948
60 to 69,11.943364389993398,16.173138526447378
70 to 79,7.062796051131463,27.291194624580044
89+,5.010439241236688,46.206734901164154
Unknown,0.07752598905118896,0.0
