Age,% Cases,% Deaths
0 to 9,6.5878941831524385,0.0
10 to 19,12.700113885549957,0.0
20 to 29,18.19686804868854,0.5251312828207052
30 to 39,16.48715382839007,1.4938517238005153
40 to 49,14.190840206928268,3.7607227893930006
50 to 59,13.721185672921491,9.475194885677942
60 to 69,9.883815027760837,19.325483544799244
70 to 79,5.173502760293616,26.634919599465086
89+,2.9623565821702993,38.78469617404351
Unknown,0.09626980414448662,0.0
