Age,% Cases,% Deaths
0 to 9,2.4147173736983536,0.0
10 to 19,9.340679821217389,0.0
20 to 29,19.308250905603728,0.3126879134095009
30 to 39,14.552687669218283,0.79374624173181
40 to 49,14.47068351479294,2.754058929645219
50 to 59,15.557407990999875,7.56464221286831
60 to 69,11.864510160721366,16.82501503307276
70 to 79,7.1753635122176025,27.14371617558629
89+,5.23200059639385,44.60613349368611
Unknown,0.08369845513661146,0.0
