Age,% Cases,% Deaths
0 to 9,2.88916612872476,0.0
10 to 19,9.813565501255942,0.0
20 to 29,18.848313761167173,0.36524413687043444
30 to 39,15.036005873322205,0.6535947712418301
40 to 49,14.486134477672344,2.3132128668460847
50 to 59,15.41412607574445,6.702550301166219
60 to 69,11.748985714715749,16.288606946046393
70 to 79,6.869880493278792,27.06651287966167
89+,4.8209071540141615,46.61027809816737
Unknown,0.07291482010442206,0.0
