Age,% Cases,% Deaths
0 to 9,1.8301853624235795,0.0
10 to 19,7.154716096646288,0.0
20 to 29,17.11233080063285,0.1405152224824356
30 to 39,14.391468250092778,0.9055425448868072
40 to 49,15.001855577475244,3.0132708821233414
50 to 59,15.817333046858215,7.931303669008587
60 to 69,12.844502607574663,17.782982045277127
70 to 79,8.250483426763287,27.15066354410617
89+,7.563919760923492,43.075722092115534
Unknown,0.033205070609606036,0.0
