Age,% Cases,% Deaths
0 to 9,2.18433702564715,0.0
10 to 19,9.536321022303168,0.0
20 to 29,19.06547636819634,0.1530541255043829
30 to 39,13.999343146329082,0.9044107416168081
40 to 49,14.156988027349,3.005426464449701
50 to 59,15.28020780461589,7.777932377904549
60 to 69,11.979816678111845,17.364686239042715
70 to 79,7.528737348102589,27.03492416863782
89+,6.195324396142478,43.75956588284403
Unknown,0.07344818320246022,0.0
