Age,% Cases,% Deaths
0 to 9,2.125821399586355,0.0
10 to 19,9.511872660156556,0.0
20 to 29,19.097049506505748,0.1559398922597108
30 to 39,13.952011938110322,0.893110292032889
40 to 49,14.156870958452233,3.0337397221434648
50 to 59,15.19163808676074,7.79699461298554
60 to 69,11.965599392622456,17.46526793308761
70 to 79,7.569311726051785,27.119364899347886
89+,6.349320627274394,43.53558264814289
Unknown,0.08050370447940938,0.0
