Age,% Cases,% Deaths
0 to 9,2.8659165908442765,0.0
10 to 19,9.698079769681003,0.0
20 to 29,18.88401890354034,0.3684312584836145
30 to 39,15.033712671618888,0.6592980414969943
40 to 49,14.471834811304099,2.301079438950294
50 to 59,15.43483574833304,6.70286342188611
60 to 69,11.775669839890272,16.25622131730334
70 to 79,6.90142183956435,27.024755995087585
89+,4.861346877249209,46.687350526792066
Unknown,0.07316294797452368,0.0
