Age,% Cases,% Deaths
0 to 9,2.474026959001031,0.0
10 to 19,9.143076041042676,0.0
20 to 29,19.007046979003036,0.3539454507599417
30 to 39,14.836191803291332,0.7287112221528211
40 to 49,14.656739364614962,2.696231521965438
50 to 59,15.706973192685128,7.245471580262336
60 to 69,11.939757456403084,16.489693941286696
70 to 79,7.125135939078725,27.253799708515515
89+,5.028267615519294,45.23214657505726
Unknown,0.08278464936073282,0.0
