Age,% Cases,% Deaths
0 to 9,2.0496542518102303,0.0
10 to 19,9.201325562083335,0.0
20 to 29,19.143041187107592,0.14814814814814814
30 to 39,13.816734057166805,0.9185185185185185
40 to 49,14.218748787359042,3.1407407407407404
50 to 59,15.143848320928823,7.881481481481481
60 to 69,11.989041606196304,17.68888888888889
70 to 79,7.656906038757945,26.99259259259259
89+,6.7054194379554675,43.22962962962963
Unknown,0.07528075063445375,0.0
