Age,% Cases,% Deaths
0 to 9,3.926653727691761,0.0
10 to 19,11.942090799312464,0.0
20 to 29,18.960980132955253,0.45335119262273965
30 to 39,15.515333358000358,0.9633712843233219
40 to 49,14.537510133101014,2.88496213487198
50 to 59,14.854369258610193,7.928494152799958
60 to 69,10.648641800064807,17.654937921796922
70 to 79,5.764459080211553,27.0877337592087
89+,3.783809238697178,43.027149554376386
Unknown,0.06615247135541928,0.0
