Age,% Cases,% Deaths
0 to 9,2.5942208727759386,0.0
10 to 19,9.106800729747226,0.0
20 to 29,18.89103705625026,0.35993328066017033
30 to 39,14.98292243275231,0.6584145377929945
40 to 49,14.631780622464793,2.458080941093846
50 to 59,15.68411622772124,7.058203845140901
60 to 69,11.961053992140178,16.267228513738914
70 to 79,7.06359568341874,27.46905451672373
89+,5.000119880816672,45.72908436484944
Unknown,0.08435250191264394,0.0
