Age,% Cases,% Deaths
0 to 9,3.934887486775978,0.0
10 to 19,11.943892123291501,0.0
20 to 29,18.96006065716401,0.45801526717557256
30 to 39,15.519242769563165,1.0178117048346056
40 to 49,14.531550895431252,2.905852417302799
50 to 59,14.847585455700365,8.055979643765903
60 to 69,10.648776680093848,17.72519083969466
70 to 79,5.763548891418756,27.012722646310433
89+,3.7834682388621856,42.824427480916036
Unknown,0.06698680169893738,0.0
