Age,% Cases,% Deaths
0 to 9,2.5511275929156656,0.0
10 to 19,9.121674080434047,0.0
20 to 29,18.948493345877367,0.37435657463734207
30 to 39,14.956019765986792,0.6925596630790829
40 to 49,14.650030598916707,2.508189050070192
50 to 59,15.695874169947297,7.159569489939168
60 to 69,11.939514618974982,16.25643425362658
70 to 79,7.077027064056778,27.543284978942445
89+,4.9787177683799015,45.465605989705196
Unknown,0.081520994510463,0.0
