Age,% Cases,% Deaths
0 to 9,3.9308852388505064,0.0
10 to 19,11.942637346882085,0.0
20 to 29,18.95996308144484,0.4512589097994975
30 to 39,15.517218204790451,0.9743090097943696
40 to 49,14.534440889988081,2.897287318599046
50 to 59,14.851653718289917,7.968822111686579
60 to 69,10.64858374329059,17.68627249884621
70 to 79,5.764379866842298,27.075534587969845
89+,3.783143812109645,42.946515563304445
Unknown,0.06709409751158185,0.0
