Age,% Cases,% Deaths
0 to 9,2.8377294715149217,0.0
10 to 19,9.590163227647814,0.0
20 to 29,18.888189492381848,0.37274391838869997
30 to 39,15.035223715864898,0.6670154329060947
40 to 49,14.488717201417572,2.3214752811927806
50 to 59,15.4615298388418,6.696311797018048
60 to 69,11.801884921490347,16.250326968349462
70 to 79,6.929371491640296,27.027203766675385
89+,4.894070171505437,46.664922835469525
Unknown,0.07312046769506696,0.0
