Age,% Cases,% Deaths
0 to 9,3.119527967683586,0.0
10 to 19,10.528840319234392,0.0
20 to 29,18.960176607585574,0.36521200866604764
30 to 39,15.255809384011698,0.7056638811513464
40 to 49,14.603788741266419,2.445063447848963
50 to 59,15.370667884118609,6.81522748375116
60 to 69,11.339929148920186,16.354069947384712
70 to 79,6.38338756002982,27.08139894769421
89+,4.366934621674883,46.23336428350356
Unknown,0.07093776547483516,0.0
