Age,% Cases,% Deaths
0 to 9,4.423247127483517,0.0
10 to 19,12.321867551663948,0.0
20 to 29,18.810097396300456,0.5089058524173028
30 to 39,15.619046868954573,1.1282346728119448
40 to 49,14.34894712955096,3.043833117288396
50 to 59,14.502430231150079,8.291324595515867
60 to 69,10.519253318001432,17.869316817898124
70 to 79,5.736270941484444,27.00561716837102
89+,3.648250991634728,42.15276777569735
Unknown,0.07058844377586151,0.0
