Age,% Cases,% Deaths
0 to 9,3.9235508421233334,0.0
10 to 19,11.942319797051137,0.0
20 to 29,18.95846213053669,0.454451559595125
30 to 39,15.514682039676458,0.9553811196033877
40 to 49,14.538310412573674,2.8713075810782898
50 to 59,14.857072972054139,7.921916959305928
60 to 69,10.650215032891673,17.630654823383598
70 to 79,5.764878671631927,27.065688907250568
89+,3.7844218122902546,43.1005990497831
Unknown,0.06608628917071244,0.0
