Age,% Cases,% Deaths
0 to 9,2.097100518578363,0.0
10 to 19,9.484252756889635,0.0
20 to 29,19.103846870921632,0.17288575133266101
30 to 39,13.920825306071716,0.8788359026076935
40 to 49,14.165268369481904,3.068722086154733
50 to 59,15.13958803748127,7.808673101858522
60 to 69,11.962518730277106,17.56231090620948
70 to 79,7.575663414330992,27.085434375450223
89+,6.477050663241702,43.42313787638668
Unknown,0.07388533272567825,0.0
