Age,% Cases,% Deaths
0 to 9,2.687938941212199,0.0
10 to 19,9.1401001984487,0.0
20 to 29,18.87268150225093,0.37506563648638513
30 to 39,15.086112219970548,0.7201260220538594
40 to 49,14.599062955414938,2.370414822593954
50 to 59,15.58252047039409,6.766184082214388
60 to 69,11.919146002089537,16.02280399069837
70 to 79,7.044642362590032,27.319780961668293
89+,4.98203647712492,46.42562448428475
Unknown,0.08575887050410555,0.0
