Age,% Cases,% Deaths
0 to 9,2.3678962055225505,0.0
10 to 19,9.41696060704864,0.0
20 to 29,19.303520086043726,0.23225806451612901
30 to 39,14.332716517261677,0.8387096774193548
40 to 49,14.311544340888977,2.967741935483871
50 to 59,15.382433021820043,7.754838709677419
60 to 69,11.894528686181767,17.019354838709678
70 to 79,7.29593197803175,27.174193548387098
89+,5.604275085853176,44.01290322580645
Unknown,0.0901934713476937,0.0
