Age,% Cases,% Deaths
0 to 9,4.555205758408185,0.0
10 to 19,12.464516178330323,0.0
20 to 29,18.671367278090006,0.5104210974053595
30 to 39,15.623388184412718,1.1673519542511461
40 to 49,14.326676574755767,3.0672527057044285
50 to 59,14.429641742346384,8.388865258282529
60 to 69,10.49977267430532,17.83638168155395
70 to 79,5.738636580715904,27.0948532539345
89+,3.621642170253573,41.934874048868096
Unknown,0.06915285838182311,0.0
