Age,% Cases,% Deaths
0 to 9,2.791916884517294,0.0
10 to 19,9.401747298001922,0.0
20 to 29,18.869470525430884,0.3690289072644024
30 to 39,15.05563615339049,0.6833868653044488
40 to 49,14.527119299378194,2.296179867422948
50 to 59,15.5213694616577,6.6220187248001094
60 to 69,11.849950872762227,16.189434839062393
70 to 79,6.974116862525317,27.191963370464016
89+,4.933119561863075,46.64798742568168
Unknown,0.07555308047289844,0.0
