Age,% Cases,% Deaths
0 to 9,5.836724035875639,0.0
10 to 19,12.735176101863955,0.0
20 to 29,17.732864019279322,0.5007763975155279
30 to 39,15.932043775430268,1.4130434782608696
40 to 49,14.179435908155774,3.583074534161491
50 to 59,14.085967242329481,9.0722049689441
60 to 69,10.4102838054979,18.586956521739133
70 to 79,5.620788895246823,26.661490683229815
89+,3.402315742502272,40.182453416149066
Unknown,0.06440047381856803,0.0
