Age,% Cases,% Deaths
0 to 9,4.125159414134001,0.0
10 to 19,11.944941801356059,0.0
20 to 29,18.970518504656,0.4939979252087141
30 to 39,15.597404795723863,1.0719754977029097
40 to 49,14.470965863033689,2.973867509756459
50 to 59,14.715514767031948,8.22506545472509
60 to 69,10.614221475515146,17.754285432001186
70 to 79,5.767611253455068,27.04144642592501
89+,3.720907249098186,42.43936175468063
Unknown,0.07275487599604263,0.0
