Age,% Cases,% Deaths
0 to 9,3.9297689774892812,0.0
10 to 19,11.94279165177566,0.0
20 to 29,18.959956172830516,0.4513514899728163
30 to 39,15.516744958811199,0.9745088988049443
40 to 49,14.534778853166658,2.8978817253936504
50 to 59,14.851831229547042,7.960199004975125
60 to 69,10.648926671274943,17.684772016207624
70 to 79,5.764079422180447,27.070831409960505
89+,3.783902477825939,42.96045545468534
Unknown,0.06721958509831424,0.0
