Age,% Cases,% Deaths
0 to 9,3.9448488451068013,0.0
10 to 19,11.948190122710539,0.0
20 to 29,18.958404662621298,0.46043311070633475
30 to 39,15.52065826291483,1.0170006071645417
40 to 49,14.531211837669225,2.8941509815826754
50 to 59,14.835004901507032,8.105646630236794
60 to 69,10.646809336395057,17.719085205424005
70 to 79,5.761361849435072,26.993523578223034
89+,3.783026622041949,42.81015988666262
Unknown,0.0704835595981991,0.0
