Age,% Cases,% Deaths
0 to 9,1.9506429568014787,0.0
10 to 19,8.376656269162067,0.0
20 to 29,18.257840340540493,0.27527144823367483
30 to 39,14.064180152319,0.9328643523474537
40 to 49,14.560949816488487,3.073864505276036
50 to 59,15.351871106489998,7.891114849365347
60 to 69,12.361477689798892,17.72442269460162
70 to 79,7.91010157562185,27.037773359840955
89+,7.089853990597812,43.06468879033491
Unknown,0.07642610217992127,0.0
