Age,% Cases,% Deaths
0 to 9,1.998582685136754,0.0
10 to 19,8.815192265510317,0.0
20 to 29,18.821603927986907,0.3770739064856712
30 to 39,13.925962171191388,0.9351432880844646
40 to 49,14.360436667960247,3.092006033182504
50 to 59,15.173705434727589,7.888386123680241
60 to 69,12.156849511532556,17.70739064856712
70 to 79,7.758111596672684,27.013574660633484
89+,6.916159076720603,42.98642533936652
Unknown,0.07339666256095298,0.0
