Age,% Cases,% Deaths
0 to 9,3.919461911802845,0.0
10 to 19,11.94273326080684,0.0
20 to 29,18.961074829152956,0.45593492565152066
30 to 39,15.514270092701432,0.953318480907725
40 to 49,14.538418271287256,2.8754986788249313
50 to 59,14.857714472403444,7.916688254494586
60 to 69,10.651851502567055,17.6053054245894
70 to 79,5.764733487592468,27.01932542355318
89+,3.783390534955861,43.17392881197865
Unknown,0.06635163672984105,0.0
