Age,% Cases,% Deaths
0 to 9,3.862912667356059,0.0
10 to 19,11.8833621086294,0.0
20 to 29,18.974498558198228,0.4451834370306801
30 to 39,15.501077365306559,0.9386397768719159
40 to 49,14.56276734831471,2.848101265822785
50 to 59,14.896682261510499,7.637845955803475
60 to 69,10.677419060938332,17.42115425874276
70 to 79,5.7766596664495236,27.02746191804334
89+,3.798680739988247,43.68161338768505
Unknown,0.06594022330844536,0.0
