Age,% Cases,% Deaths
0 to 9,4.983624911558972,0.0
10 to 19,12.816022792948214,0.0
20 to 29,18.20066675248002,0.5133470225872689
30 to 39,15.668942448324092,1.2097134184447818
40 to 49,14.245333466948756,3.236318185876261
50 to 59,14.24023649929895,8.637621640924916
60 to 69,10.464679310026082,18.1010624051424
70 to 79,5.746010326974795,27.037764485313808
89+,3.565026508551243,41.26417284171056
Unknown,0.06945698288887488,0.0
