Age,% Cases,% Deaths
0 to 9,5.6730177288270625,0.0
10 to 19,12.816798671501958,0.0
20 to 29,17.777160268921822,0.5118964740570867
30 to 39,15.849892137133278,1.3309308325484255
40 to 49,14.19429505574947,3.444039477456079
50 to 59,14.092159747898725,8.833285556329088
60 to 69,10.420757560192948,18.309513084073878
70 to 79,5.660084531378524,26.852041443138543
89+,3.449616327459691,40.7182931323969
Unknown,0.0662179709365187,0.0
