Age,% Cases,% Deaths
0 to 9,6.352255549857761,0.0
10 to 19,12.74775361305399,0.0
20 to 29,18.382354911186734,0.5255564715581204
30 to 39,16.347170401758852,1.535449299258038
40 to 49,14.175345980294917,3.747595493267381
50 to 59,13.777268369896568,9.463451497664193
60 to 69,9.905857779821126,19.239488870568838
70 to 79,5.206355738528008,26.6075845012366
89+,3.0148658865867297,38.88087386644683
Unknown,0.09077176901531922,0.0
