Age,% Cases,% Deaths
0 to 9,2.8364998662028365,0.0
10 to 19,9.585228793149584,0.0
20 to 29,18.886980241180176,0.3742367539885759
30 to 39,15.033104007872453,0.6696868229269254
40 to 49,14.490491769316428,2.324207208981682
50 to 59,15.460391723566428,6.690302672181734
60 to 69,11.80401736773503,16.249753791609216
70 to 79,6.932592125821126,27.04352964349025
89+,4.896112976598444,46.648283106821616
Unknown,0.07458112855749394,0.0
