Age,% Cases,% Deaths
0 to 9,4.008234294399961,0.0
10 to 19,11.948648816265777,0.0
20 to 29,18.991864717332383,0.4763576192147621
30 to 39,15.546365235783929,1.0279295993581707
40 to 49,14.522518640862685,2.923331494760066
50 to 59,14.771788837352013,8.16326530612245
60 to 69,10.628528653016104,17.770646342074915
70 to 79,5.759762720015494,27.01699844556987
89+,3.7540679133440613,42.62147119289976
Unknown,0.06822017162758968,0.0
