Age,% Cases,% Deaths
0 to 9,6.633781801653263,0.0
10 to 19,12.658612859552493,0.0
20 to 29,18.148951308273222,0.5173338380492729
30 to 39,16.49301212840281,1.5173022933030502
40 to 49,14.173032918281955,3.760133749723984
50 to 59,13.714215079864866,9.469732815999496
60 to 69,9.907457785157622,19.267530992713162
70 to 79,5.202141669010719,26.664773981893315
89+,2.978179386679099,38.80319232831772
Unknown,0.09061506312395187,0.0
