Age,% Cases,% Deaths
0 to 9,4.018356001955257,0.0
10 to 19,11.947008641497614,0.0
20 to 29,18.992002306422542,0.47590421801422705
30 to 39,15.55480408956463,1.0319607253782186
40 to 49,14.516046869800931,2.9305680793507665
50 to 59,14.76814925848732,8.155495441338543
60 to 69,10.625801368029384,17.763751127141568
70 to 79,5.761937741765215,27.026350065123733
89+,3.747828245222139,42.61597034365294
Unknown,0.06806547725496699,0.0
