Age,% Cases,% Deaths
0 to 9,3.924913718747231,0.0
10 to 19,11.9419759276146,0.0
20 to 29,18.959779532752105,0.45353811266299027
30 to 39,15.513913237568714,0.9534608050301498
40 to 49,14.537984501340906,2.8809977838478584
50 to 59,14.856078271705469,7.931763129412977
60 to 69,10.649972351863754,17.646755656341803
70 to 79,5.764832692322791,27.088594547234962
89+,3.7844858624367825,43.04488996546926
Unknown,0.06606390364764722,0.0
