Age,% Cases,% Deaths
0 to 9,3.9317665237204826,0.0
10 to 19,11.94253787327429,0.0
20 to 29,18.95947867563906,0.4607351284939081
30 to 39,15.51858113782177,0.9777823282481826
40 to 49,14.534939705075523,2.8923927511006453
50 to 59,14.850690284511426,7.965598443739122
60 to 69,10.647960497587084,17.692228934166067
70 to 79,5.7634557893204645,27.065629159414357
89+,3.7835205069924194,42.945633254837716
Unknown,0.06706900605748452,0.0
