Age,% Cases,% Deaths
0 to 9,4.520118119441502,0.0
10 to 19,12.433427917408762,0.0
20 to 29,18.712829083785326,0.5126257831782799
30 to 39,15.618399922254392,1.1534080121511296
40 to 49,14.331652373213558,3.0520220239225364
50 to 59,14.447982126207679,8.372887791911904
60 to 69,10.505567759435074,17.83273210556294
70 to 79,5.735085688553787,27.074235807860266
89+,3.625658744889525,42.00208847541295
Unknown,0.06927826481039405,0.0
