Age,% Cases,% Deaths
0 to 9,2.025736484299126,0.0
10 to 19,9.066850113305277,0.0
20 to 29,19.06846876011654,0.32870162856715973
30 to 39,13.858044674651989,0.9412819363514119
40 to 49,14.248947879572677,3.107724488271328
50 to 59,15.11735189381677,7.888839085611833
60 to 69,12.037067011977987,17.720005976393246
70 to 79,7.703140174813855,27.058120424323924
89+,6.801553900938815,42.955326460481096
Unknown,0.07283910650696018,0.0
