Age,% Cases,% Deaths
0 to 9,3.941237459724357,0.0
10 to 19,11.947036482729603,0.0
20 to 29,18.958318685108363,0.46115643845335225
30 to 39,15.520868558826715,1.0185982871332286
40 to 49,14.5328248585679,2.89362995996554
50 to 59,14.836057066136318,8.108245071707293
60 to 69,10.647613371680992,17.726650788020066
70 to 79,5.762193182464986,26.995388435615464
89+,3.7833156438578457,42.796331019105054
Unknown,0.07053469090292218,0.0
