Age,% Cases,% Deaths
0 to 9,4.675025659518988,0.0
10 to 19,12.609966064708223,0.0
20 to 29,18.508696496435405,0.5163751395608486
30 to 39,15.632056367721711,1.195571269073316
40 to 49,14.29091884194661,3.0935988090807593
50 to 59,14.367296365132642,8.508559732043171
60 to 69,10.493402498451182,17.91496092296241
70 to 79,5.753095323957207,27.07480461481206
89+,3.6004697310142677,41.69612951246744
Unknown,0.06907265111376182,0.0
