Age,% Cases,% Deaths
0 to 9,3.8865926234104515,0.0
10 to 19,11.919351337662572,0.0
20 to 29,18.975883182895284,0.4554119889853845
30 to 39,15.509514679015249,0.9425969074348655
40 to 49,14.549680733679432,2.8542681635246767
50 to 59,14.876860879474703,7.757890277483584
60 to 69,10.662748946330698,17.448633764033044
70 to 79,5.766352224010999,27.017581020970134
89+,3.786765370909683,43.52361787756831
Unknown,0.06625002261092922,0.0
