Age,% Cases,% Deaths
0 to 9,2.897075480642087,0.0
10 to 19,9.851353981108634,0.0
20 to 29,18.83747735880125,0.3707965733282189
30 to 39,15.035918213919203,0.658483569875975
40 to 49,14.49252944395378,2.346247282956144
50 to 59,15.40915494480454,6.687124408643395
60 to 69,11.745147839335226,16.289477048970717
70 to 79,6.853817277001864,27.080935941695433
89+,4.804508114239713,46.56693517453011
Unknown,0.07301734619370054,0.0
