Age,% Cases,% Deaths
0 to 9,2.7782458580868146,0.0
10 to 19,9.338082655413618,0.0
20 to 29,18.866723792382682,0.37419444251957595
30 to 39,15.065772254828497,0.679093617905897
40 to 49,14.538913009963538,2.31446192225071
50 to 59,15.534728969550082,6.631557064652484
60 to 69,11.871990592183337,16.131938188621717
70 to 79,6.985949225038272,27.170674242949204
89+,4.943943897288441,46.69808052110041
Unknown,0.07564974526472033,0.0
