Age,% Cases,% Deaths
0 to 9,2.3762424797279627,0.0
10 to 19,9.395435521841486,0.0
20 to 29,19.33445592466649,0.22880386424304053
30 to 39,14.4090864504316,0.8389475022244821
40 to 49,14.342466649228355,2.910893606203127
50 to 59,15.394078603191211,7.715774755306978
60 to 69,11.875081742087366,17.02046523452396
70 to 79,7.2537928328537795,27.138680564382867
89+,5.53312189380068,44.14643447311555
Unknown,0.08623790217106984,0.0
