Age,% Cases,% Deaths
0 to 9,5.927799394449824,0.0
10 to 19,12.54345737399832,0.0
20 to 29,18.20654374172373,0.4959952972297744
30 to 39,16.215266775518636,1.4549195385406717
40 to 49,14.183760059828204,3.6519950033066353
50 to 59,13.960105604686287,9.328385627158497
60 to 69,10.199675994315555,18.811080902344038
70 to 79,5.455115776883641,26.6220883239033
89+,3.246496154584247,39.63553530751708
Unknown,0.06177912401154995,0.0
