Age,% Cases,% Deaths
0 to 9,2.9079394638785847,0.0
10 to 19,9.904890205226499,0.0
20 to 29,18.84481469191261,0.36370597243491576
30 to 39,15.040092715953385,0.6699846860643185
40 to 49,14.493471416708353,2.341755997958142
50 to 59,15.405937717199834,6.687085247575293
60 to 69,11.720412533162957,16.29019908116386
70 to 79,6.828391289058825,27.08014293006636
89+,4.781409262680343,46.56712608473711
Unknown,0.07264070421860891,0.0
