Age,% Cases,% Deaths
0 to 9,2.8807317852398646,0.0
10 to 19,9.766777084629483,0.0
20 to 29,18.860789292260094,0.3667009778692743
30 to 39,15.038926535622405,0.656201749871333
40 to 49,14.481175699080223,2.309572825527535
50 to 59,15.422474819660003,6.7164179104477615
60 to 69,11.758167846513427,16.2892434379825
70 to 79,6.8794874812934035,27.045805455481215
89+,4.8379882631871,46.61605764282038
Unknown,0.07348119251399841,0.0
