Age,% Cases,% Deaths
0 to 9,3.921203319408935,0.0
10 to 19,11.942397435695993,0.0
20 to 29,18.96056350041863,0.459805744988634
30 to 39,15.514218823302306,0.9557759867741269
40 to 49,14.538351204598868,2.8724943170076465
50 to 59,14.857654640505856,7.925191155197354
60 to 69,10.650256677313855,17.632775366811323
70 to 79,5.765082457727368,27.05620996073569
89+,3.7839421235867032,43.097747468485224
Unknown,0.06632981744148723,0.0
