Age,% Cases,% Deaths
0 to 9,1.8569813453928774,0.0
10 to 19,7.586206896551724,0.0
20 to 29,17.507066139061617,0.26303574191551915
30 to 39,14.291501790088562,0.9283614420547733
40 to 49,14.885057471264368,3.0017019959771005
50 to 59,15.660448464292445,7.891072257465573
60 to 69,12.668174109666477,17.762648924647998
70 to 79,8.126059920859243,27.077208726597558
89+,7.384586395326926,43.075970911341486
Unknown,0.03391746749576032,0.0
