Age,% Cases,% Deaths
0 to 9,3.9094092105662996,0.0
10 to 19,11.935763058468943,0.0
20 to 29,18.963943533256877,0.4553781732530751
30 to 39,15.515749170252205,0.9630986652708715
40 to 49,14.540872886802031,2.873593300183198
50 to 59,14.863318113318394,7.851347814708191
60 to 69,10.655548590188436,17.518974090552213
70 to 79,5.765748326154753,26.987699555090288
89+,3.7833573244586804,43.34990840094216
Unknown,0.0662897865333818,0.0
