Age,% Cases,% Deaths
0 to 9,3.8236552510995376,0.0
10 to 19,11.830155867576968,0.0
20 to 29,18.978648718279015,0.4593427024662328
30 to 39,15.496586371248227,0.8913435774047138
40 to 49,14.574975616937488,2.79433477333625
50 to 59,14.928760052262563,7.524470935637338
60 to 69,10.70163412524613,17.36752884562804
70 to 79,5.787756942271949,27.057472521463332
89+,3.811578734289027,43.90550664406409
Unknown,0.06624832078909111,0.0
