Age,% Cases,% Deaths
0 to 9,2.964988043370393,0.0
10 to 19,10.127441345288895,0.0
20 to 29,18.823768563187667,0.366323501547401
30 to 39,15.061831941327682,0.6821196235710225
40 to 49,14.52098252443346,2.349523147855744
50 to 59,15.384997070865838,6.694877786900777
60 to 69,11.62770224630977,16.29507989641887
70 to 79,6.732046648462285,27.107939114507673
89+,4.682613107795339,46.50413692919851
Unknown,0.07362850895866879,0.0
