Age,% Cases,% Deaths
0 to 9,3.954806654761204,0.0
10 to 19,11.948210124385048,0.0
20 to 29,18.96157987791529,0.4744120318966387
30 to 39,15.528183609355606,1.0346219844554356
40 to 49,14.532369783534676,2.912082366003836
50 to 59,14.824635196090089,8.1356616533764
60 to 69,10.642350480682145,17.70970021197133
70 to 79,5.758962157741088,26.99101645301302
89+,3.778780642028211,42.74250529928334
Unknown,0.07012147350664043,0.0
