Age,% Cases,% Deaths
0 to 9,2.7573966429957153,0.0
10 to 19,9.275407557161445,0.0
20 to 29,18.865681717955745,0.3646308113035551
30 to 39,15.074034484698572,0.6942009676740761
40 to 49,14.554822177497654,2.3210153565668605
50 to 59,15.551688029806163,6.654512306289881
60 to 69,11.88417264489762,16.03674356636982
70 to 79,7.000927359276406,27.18603183507468
89+,4.958740678768917,46.74286515672112
Unknown,0.0771287069417651,0.0
