Age,% Cases,% Deaths
0 to 9,3.9113824942853546,0.0
10 to 19,11.937647365863317,0.0
20 to 29,18.961599380838386,0.45981816281743126
30 to 39,15.516387983944997,0.9666631831957363
40 to 49,14.540061016216995,2.868638311213293
50 to 59,14.861341096851996,7.874386038248511
60 to 69,10.65556435500999,17.525342251018916
70 to 79,5.765942511564283,26.993416239941475
89+,3.783927896470419,43.31173581356463
Unknown,0.06614589895426483,0.0
