Age,% Cases,% Deaths
0 to 9,2.489334075310703,0.0
10 to 19,9.138935262474494,0.0
20 to 29,18.974834600878008,0.3742666396924944
30 to 39,14.885302664935384,0.7384179647987053
40 to 49,14.66493538613739,2.680558365365163
50 to 59,15.690842762629073,7.090835524984827
60 to 69,11.949792864650961,16.36657900060692
70 to 79,7.123724726395846,27.37204127048351
89+,4.997464910653558,45.377301234068376
Unknown,0.08483274593458233,0.0
