Age,% Cases,% Deaths
0 to 9,2.3881498194587336,0.0
10 to 19,9.39132369122478,0.0
20 to 29,19.363001155940783,0.31502016129032256
30 to 39,14.430987157537647,0.8316532258064515
40 to 49,14.376566577819444,2.872983870967742
50 to 59,15.412940975518682,7.68649193548387
60 to 69,11.857330690426346,16.985887096774192
70 to 79,7.226814648272247,27.12953629032258
89+,5.469466876934017,44.17842741935484
Unknown,0.08341840686732105,0.0
