Age,% Cases,% Deaths
0 to 9,3.0214063879575948,0.0
10 to 19,10.319150906699761,0.0
20 to 29,18.842499120158557,0.3700451580531861
30 to 39,15.11968930791981,0.6899147014550928
40 to 49,14.563536900858848,2.389613647767185
50 to 59,15.364964405011083,6.74862017059709
60 to 69,11.528083921437878,16.31961866532865
70 to 79,6.597267243348708,27.10110386352233
89+,4.571625267811387,46.38108379327647
Unknown,0.07177653879637691,0.0
