Age,% Cases,% Deaths
0 to 9,2.9098752016859297,0.0
10 to 19,9.924429516941618,0.0
20 to 29,18.837959761599,0.362826225334182
30 to 39,15.043465375876716,0.6747294716740929
40 to 49,14.499324969541307,2.3424570337364736
50 to 59,15.406829332543055,6.696371737746658
60 to 69,11.713095590898613,16.28898790579249
70 to 79,6.820112614837499,27.097390197326543
89+,4.772629984523692,46.53723742838956
Unknown,0.07227765155257006,0.0
