Age,% Cases,% Deaths
0 to 9,2.84228501797774,0.0
10 to 19,9.618906232569314,0.0
20 to 29,18.889584924442005,0.3718442168438907
30 to 39,15.037457200964532,0.6719290234196621
40 to 49,14.487226794126986,2.3223954595864047
50 to 59,15.447126565007338,6.69971948594168
60 to 69,11.797173332875666,16.256768217104835
70 to 79,6.920614761483872,27.03372692282602
89+,4.886512833274695,46.64361667427751
Unknown,0.07311233727785263,0.0
