Age,% Cases,% Deaths
0 to 9,2.111685597942563,0.0
10 to 19,9.502920060008572,0.0
20 to 29,19.140457565366482,0.1575479805213406
30 to 39,13.945965495070725,0.8736751647092523
40 to 49,14.144877839691382,3.0650243483242625
50 to 59,15.159531718816973,7.834431395015755
60 to 69,11.957511787398198,17.516470925236323
70 to 79,7.568045435062151,27.083930105986827
89+,6.394663523360481,43.468920080206246
Unknown,0.07434097728246893,0.0
