Age,% Cases,% Deaths
0 to 9,3.917824529086028,0.0
10 to 19,11.943860989115906,0.0
20 to 29,18.960900380774802,0.4561476259589467
30 to 39,15.512248817800941,0.9589467136636948
40 to 49,14.539981354390141,2.876840140991084
50 to 59,14.858416920329331,7.920381505287166
60 to 69,10.652147053207383,17.59278457391665
70 to 79,5.765312426288063,27.016379846568526
89+,3.7829246649967985,43.178519593613935
Unknown,0.06638286401060328,0.0
