Age,% Cases,% Deaths
0 to 9,6.61690593853719,0.0
10 to 19,12.674565815650679,0.0
20 to 29,18.165794143093866,0.5240118861232707
30 to 39,16.491917547744393,1.4985461865354508
40 to 49,14.176283978316444,3.773524618973065
50 to 59,13.715972802682582,9.505703422053232
60 to 69,9.899696449782237,19.27021759274052
70 to 79,5.192419554304205,26.65431191488002
89+,2.9733745887896608,38.77368437869445
Unknown,0.09306918109874425,0.0
