Age,% Cases,% Deaths
0 to 9,2.0350954990339236,0.0
10 to 19,9.14921922017041,0.0
20 to 29,19.11801970162491,0.14885382554331647
30 to 39,13.841816857242407,0.922893718368562
40 to 49,14.228247442272973,3.1408157189639776
50 to 59,15.132558360520731,7.933908901458768
60 to 69,12.008647176206013,17.713605239654658
70 to 79,7.658135630800418,27.061625483774932
89+,6.758575908270248,43.07829711223579
Unknown,0.06968420385797092,0.0
