Age,% Cases,% Deaths
0 to 9,2.8912476144201724,0.0
10 to 19,9.823162373040402,0.0
20 to 29,18.843868287608675,0.3709863118843546
30 to 39,15.036290867925285,0.6588205193808366
40 to 49,14.488630197141145,2.3410515543047206
50 to 59,15.41347545795619,6.69054624536267
60 to 69,11.746987448886395,16.28501982857874
70 to 79,6.867130508539667,27.075604451835744
89+,4.815907538849679,46.57797108865294
Unknown,0.07329970563238945,0.0
