Age,% Cases,% Deaths
0 to 9,6.537212490540766,0.0
10 to 19,12.726865326010357,0.0
20 to 29,18.234603017251942,0.5251262961978197
30 to 39,16.478649013763842,1.5255251262961977
40 to 49,14.194078231682095,3.762297261366658
50 to 59,13.730081840820779,9.462244084020208
60 to 69,9.875365677871368,19.32996543472481
70 to 79,5.164279330128656,26.588673225206062
89+,2.960984190512107,38.80616857218825
Unknown,0.0978808814180874,0.0
