Age,% Cases,% Deaths
0 to 9,3.9336378345354492,0.0
10 to 19,11.943578508272331,0.0
20 to 29,18.95933991419959,0.45429023531213314
30 to 39,15.519490836990407,0.9800418559542646
40 to 49,14.532808475308324,2.9146036445306516
50 to 59,14.849356944484851,8.008779541626257
60 to 69,10.647732689419962,17.707110407840336
70 to 79,5.763554294384482,27.05323873207085
89+,3.7833640296206115,42.881935582665506
Unknown,0.06713647278399287,0.0
