Age,% Cases,% Deaths
0 to 9,4.733239690047409,0.0
10 to 19,12.662352755655743,0.0
20 to 29,18.435634521375555,0.525927292858461
30 to 39,15.630528926569017,1.199483299501753
40 to 49,14.278929987211402,3.1002029894814545
50 to 59,14.342918553129197,8.539398412991327
60 to 69,10.491025649205932,17.955342314080088
70 to 79,5.7635285227665305,27.043735006458757
89+,3.5928394789398315,41.63591068462816
Unknown,0.06900191509938737,0.0
