Age,% Cases,% Deaths
0 to 9,5.466877394290766,0.0
10 to 19,12.909600513393924,0.0
20 to 29,17.866923468104464,0.4975970739590865
30 to 39,15.76045691432386,1.2673840003402372
40 to 49,14.203898565521586,3.334325692170289
50 to 59,14.107833096826313,8.697316378173776
60 to 69,10.426002555999665,18.20694934716965
70 to 79,5.694503973866431,27.002083953557605
89+,3.49581143586533,40.99434355462935
Unknown,0.06809208180766063,0.0
