Age,% Cases,% Deaths
0 to 9,2.643517447416334,0.0
10 to 19,9.057970285576333,0.0
20 to 29,18.851055696941042,0.35107316683954365
30 to 39,15.071268345186242,0.7021463336790873
40 to 49,14.629072656493616,2.465491103486795
50 to 59,15.636385583374407,6.893800367031037
60 to 69,11.956786335791094,16.141386739009018
70 to 79,7.061048353837024,27.248065108114577
89+,5.011215836962973,46.19803718183994
Unknown,0.08167945842093087,0.0
