Age,% Cases,% Deaths
0 to 9,2.7990949140097707,0.0
10 to 19,9.430861879077122,0.0
20 to 29,18.872313687837114,0.36667345691586883
30 to 39,15.053938041851403,0.6858151694167176
40 to 49,14.515969613961763,2.295104230325253
50 to 59,15.510540510011014,6.620492972092077
60 to 69,11.843953856146396,16.215115094723977
70 to 79,6.967467736014232,27.160996808582876
89+,4.930318262686736,46.65580226794324
Unknown,0.0755414984044506,0.0
