Age,% Cases,% Deaths
0 to 9,2.471690869023263,0.0
10 to 19,9.158326013895536,0.0
20 to 29,19.0148475014858,0.33609914924902845
30 to 39,14.76361283943345,0.7352168889822498
40 to 49,14.639752173478565,2.709799390820292
50 to 59,15.717944807056114,7.2891502993383055
60 to 69,11.963730651701704,16.458355214788362
70 to 79,7.146576343927672,27.318558974897595
89+,5.038052310750896,45.15282008192417
Unknown,0.08546648924700079,0.0
