Age,% Cases,% Deaths
0 to 9,4.329218635934132,0.0
10 to 19,12.201100354366725,0.0
20 to 29,18.887575675721813,0.5185615973635747
30 to 39,15.6022778279298,1.1292042260347
40 to 49,14.373090220422327,3.0386740331491713
50 to 59,14.569302342395174,8.277600077541921
60 to 69,10.546050101369568,17.84918096345837
70 to 79,5.748794259439821,26.9700494329747
89+,3.672098817003578,42.21672966947756
Unknown,0.07049176541706122,0.0
