Age,% Cases,% Deaths
0 to 9,2.8761431160183744,0.0
10 to 19,9.749589110371277,0.0
20 to 29,18.86990602216697,0.3668898043254377
30 to 39,15.036453285009904,0.65653964984552
40 to 49,14.476294829112057,2.3107621009268797
50 to 59,15.425007374942053,6.713439752832132
60 to 69,11.76265329343841,16.284757981462413
70 to 79,6.885920182055713,27.046858908341914
89+,4.844536221501117,46.6207518022657
Unknown,0.07349656538412913,0.0
