Age,% Cases,% Deaths
0 to 9,2.523942023001234,0.0
10 to 19,9.13738333982423,0.0
20 to 29,18.953964686395864,0.3847263633740502
30 to 39,14.932033277183171,0.6828892949889391
40 to 49,14.651673478197628,2.5776666346061363
50 to 59,15.69311042187698,7.155910358757334
60 to 69,11.934646840497562,16.370106761565836
70 to 79,7.10072776242381,27.479080503991536
89+,4.989465979100878,45.34962008271617
Unknown,0.0830521914986463,0.0
