Age,% Cases,% Deaths
0 to 9,4.581633291199451,0.0
10 to 19,12.50703547394932,0.0
20 to 29,18.632967141257158,0.513158514194247
30 to 39,15.628511814858543,1.1675533166988372
40 to 49,14.313802036449912,3.0836589614424934
50 to 59,14.411777525521952,8.412974907019443
60 to 69,10.497306147819808,17.838143213596346
70 to 79,5.74161001965195,27.074996469092795
89+,3.6166600023119946,41.90951461795584
Unknown,0.06869654697991029,0.0
