Age,% Cases,% Deaths
0 to 9,1.8919624217119,0.0
10 to 19,7.749589919475097,0.0
20 to 29,17.62134655532359,0.24748646558391338
30 to 39,14.267074261855056,0.9280742459396751
40 to 49,14.814158962123471,3.00077339520495
50 to 59,15.596107963018193,7.888631090487238
60 to 69,12.613704145541307,17.77262180974478
70 to 79,8.085110348941246,27.068832173240526
89+,7.327393379063525,43.093580819798916
Unknown,0.03355204294661497,0.0
