Age,% Cases,% Deaths
0 to 9,2.6225468259898554,0.0
10 to 19,9.072971324739983,0.0
20 to 29,18.86048259024371,0.3575883575883576
30 to 39,15.024695649278073,0.7484407484407485
40 to 49,14.615911366242825,2.494802494802495
50 to 59,15.66118360117307,7.010395010395011
60 to 69,11.970885567458774,16.241164241164242
70 to 79,7.073591577878193,27.33471933471934
89+,5.014892319476156,45.812889812889814
Unknown,0.0828391775193621,0.0
