Age,% Cases,% Deaths
0 to 9,2.654086396736619,0.0
10 to 19,9.06731519989802,0.0
20 to 29,18.846303997960387,0.3726905082864166
30 to 39,15.07959271475692,0.7057330901593847
40 to 49,14.623667479325015,2.458171437633812
50 to 59,15.628933824115238,6.906668781222742
60 to 69,11.951654795480982,16.12877646499088
70 to 79,7.060168586771197,27.246055031321863
89+,5.009401341683,46.1819046863849
Unknown,0.07887566327262298,0.0
