Age,% Cases,% Deaths
0 to 9,3.7959377680910755,0.0
10 to 19,11.793804632613787,0.0
20 to 29,18.976906489832825,0.44655162908649865
30 to 39,15.491316747432121,0.9096422073984234
40 to 49,14.580096918546687,2.7730304867964057
50 to 59,14.951077001553479,7.403936269915651
60 to 69,10.721556261448214,17.305253872870612
70 to 79,5.797027522084909,27.1183637466233
89+,3.825616174731619,44.043221787309115
Unknown,0.06666048366528322,0.0
