Age,% Cases,% Deaths
0 to 9,4.644172002090995,0.0
10 to 19,12.573275697394548,0.0
20 to 29,18.547894887403988,0.5143311357366624
30 to 39,15.630844234806505,1.1876373497919297
40 to 49,14.299185685812073,3.090662552017581
50 to 59,14.386030956798205,8.453733576471688
60 to 69,10.493648274788873,17.865993360452613
70 to 79,5.7499583012245,27.08187216533408
89+,3.605662833485375,41.80576986019545
Unknown,0.06932712619493782,0.0
