Age,% Cases,% Deaths
0 to 9,3.988467241473996,0.0
10 to 19,11.950464056235928,0.0
20 to 29,18.981932011642595,0.472789457801026
30 to 39,15.538579823164369,1.031083392012876
40 to 49,14.527541325718051,2.92224122321698
50 to 59,14.790488220110934,8.158132984609194
60 to 69,10.630457466088199,17.734634342621465
70 to 79,5.758031742544896,27.024444220903334
89+,3.765171069251469,42.65667437883513
Unknown,0.0688670437695645,0.0
