Age,% Cases,% Deaths
0 to 9,3.9353957635320436,0.0
10 to 19,11.943312598764866,0.0
20 to 29,18.95871935914314,0.4570383912248629
30 to 39,15.519522754754684,1.015640869388584
40 to 49,14.530812403190874,2.889498273410522
50 to 59,14.843730791839981,8.089579524680072
60 to 69,10.647495200055431,17.728011375177736
70 to 79,5.763174422944965,27.00589071704245
89+,3.7840773713067244,42.81434084907577
Unknown,0.07375933446728998,0.0
