Age,% Cases,% Deaths
0 to 9,6.515353171413453,0.0
10 to 19,12.74361698260297,0.0
20 to 29,18.264255506501165,0.5241935483870969
30 to 39,16.45810696729423,1.5288978494623655
40 to 49,14.191232010211213,3.753360215053764
50 to 59,13.732676686687858,9.465725806451612
60 to 69,9.87035032374551,19.324596774193548
70 to 79,5.162508936830243,26.596102150537636
89+,2.9637962443097132,38.807123655913976
Unknown,0.09810317040364178,0.0
