Age,% Cases,% Deaths
0 to 9,4.452040057896179,0.0
10 to 19,12.352423424480694,0.0
20 to 29,18.779290380628254,0.5064742701514645
30 to 39,15.61680945115988,1.1467341965693534
40 to 49,14.348374603919728,3.038845620908787
50 to 59,14.487149395610842,8.313822925127813
60 to 69,10.518327269882253,17.865163170720052
70 to 79,5.733481985682431,27.053370920732
89+,3.6421781481046827,42.07558889579053
Unknown,0.06992528263505848,0.0
