Age,% Cases,% Deaths
0 to 9,2.176627141456404,0.0
10 to 19,9.54208003702824,0.0
20 to 29,19.08172400562732,0.15343841539963735
30 to 39,13.994604108429407,0.9066815455433116
40 to 49,14.155384624754108,3.0129725205746967
50 to 59,15.23395392176566,7.783512344817966
60 to 69,11.97327632933209,17.408285674431582
70 to 79,7.545112942222547,27.047007950899708
89+,6.220500733865615,43.6881015483331
Unknown,0.07673615551860852,0.0
