Age,% Cases,% Deaths
0 to 9,2.8318011493974486,0.0
10 to 19,9.570930832015668,0.0
20 to 29,18.88478691859761,0.37480273540241976
30 to 39,15.032990682337962,0.6706996317727512
40 to 49,14.491507537514575,2.3211467648606
50 to 59,15.462371246380021,6.674118884797475
60 to 69,11.809176495825563,16.254602840610204
70 to 79,6.939461146421887,27.04497632824829
89+,4.902065939845201,46.65965281430826
Unknown,0.07490805166406593,0.0
