Age,% Cases,% Deaths
0 to 9,3.876617480136209,0.0
10 to 19,11.904540295119183,0.0
20 to 29,18.972190692395007,0.4480238946077124
30 to 39,15.502043132803633,0.9493839671449144
40 to 49,14.559704880817254,2.853485519227692
50 to 59,14.886719636776391,7.707077710811243
60 to 69,10.669239500567537,17.424929329564243
70 to 79,5.77116912599319,27.030774974665317
89+,3.791940976163451,43.58632460397887
Unknown,0.06583427922814983,0.0
