Age,% Cases,% Deaths
0 to 9,1.8329938900203666,0.0
10 to 19,7.239840946561925,0.0
20 to 29,17.228202890117352,0.14018691588785046
30 to 39,14.36330132867811,0.9034267912772586
40 to 49,14.968480263795946,3.0062305295950154
50 to 59,15.786053729027252,7.912772585669782
60 to 69,12.802831927068178,17.80373831775701
70 to 79,8.223256716128406,27.180685358255452
89+,7.522063815342837,43.05295950155763
Unknown,0.03297449325962564,0.0
