Age,% Cases,% Deaths
0 to 9,2.172623461367344,0.0
10 to 19,9.549409263928025,0.0
20 to 29,19.06359681645163,0.23792862141357596
30 to 39,13.98116565327006,0.8957312806158153
40 to 49,14.163453457906966,3.009097270818754
50 to 59,15.231227445746207,7.795661301609518
60 to 69,11.974146027979634,17.41077676696991
70 to 79,7.552894359582778,26.997900629811056
89+,6.231771219536309,43.65290412876137
Unknown,0.07971229423105443,0.0
