Age,% Cases,% Deaths
0 to 9,5.714298241063006,0.0
10 to 19,12.799589622775937,0.0
20 to 29,17.752760875617557,0.5046427129592248
30 to 39,15.86163506386934,1.344368187323375
40 to 49,14.192358477950629,3.4679047234557934
50 to 59,14.094075471119044,8.889786031489704
60 to 69,10.426255958178936,18.38514331853048
70 to 79,5.652259376527679,26.798546628986674
89+,3.4410744049859083,40.609608397254746
Unknown,0.06569250791196472,0.0
