Age,% Cases,% Deaths
0 to 9,5.02117087497996,0.0
10 to 19,12.831462003444608,0.0
20 to 29,18.179261887024083,0.5078177201657089
30 to 39,15.67030530810717,1.2116352621497617
40 to 49,14.240681857344567,3.2339970600026726
50 to 59,14.223535977628057,8.632901242817052
60 to 69,10.460958403238514,18.0943471869571
70 to 79,5.742669493450703,27.061339035146332
89+,3.5598275467418117,41.257962492761365
Unknown,0.070126648040526,0.0
