Age,% Cases,% Deaths
0 to 9,4.900263163908749,0.0
10 to 19,12.768283914655434,0.0
20 to 29,18.26343463180785,0.5185552599540064
30 to 39,15.649111272451115,1.217477566848537
40 to 49,14.25339326743395,3.1564233214591697
50 to 59,14.273521702672248,8.644090724624611
60 to 69,10.483223081074525,18.063759751093475
70 to 79,5.76121523010581,27.023492807864002
89+,3.5789061030470406,41.37620056815619
Unknown,0.06864763284327771,0.0
