Age,% Cases,% Deaths
0 to 9,3.2033493583760926,0.0
10 to 19,10.74396848638701,0.0
20 to 29,18.975641658474398,0.40404040404040403
30 to 39,15.310760007355759,0.7407407407407408
40 to 49,14.644455597911076,2.442607897153352
50 to 59,15.335509641987546,6.874808692990511
60 to 69,11.221954446845665,16.455463728191
70 to 79,6.247692684201575,27.11968166513621
89+,4.245322802985995,45.96265687174778
Unknown,0.07134531547488189,0.0
