Age,% Cases,% Deaths
0 to 9,2.829747346462123,0.0
10 to 19,9.562265877044949,0.0
20 to 29,18.883348291790405,0.376984126984127
30 to 39,15.03550178981693,0.6746031746031746
40 to 49,14.489027192049262,2.328042328042328
50 to 59,15.466236047917887,6.673280423280422
60 to 69,11.81296499721045,16.210317460317462
70 to 79,6.940781836390288,27.037037037037038
89+,4.905276581293728,46.69973544973545
Unknown,0.07485004002397974,0.0
