Age,% Cases,% Deaths
0 to 9,2.4624076319652364,0.0
10 to 19,9.197261771634862,0.0
20 to 29,19.05660429714273,0.3856749311294766
30 to 39,14.715896320262834,0.7933884297520661
40 to 49,14.59574503508806,2.732782369146005
50 to 59,15.683211285896236,7.43801652892562
60 to 69,11.982662696772008,16.49586776859504
70 to 79,7.160794607898907,27.12947658402204
89+,5.057730888869774,45.02479338842975
Unknown,0.08768546446935033,0.0
