Age,% Cases,% Deaths
0 to 9,6.63023871179366,0.0
10 to 19,12.662784072493288,0.0
20 to 29,18.151298349044534,0.51890523651321
30 to 39,16.491618499786277,1.5124189210567949
40 to 49,14.173515794788862,3.7652270210409746
50 to 59,13.715607531433369,9.489004904287295
60 to 69,9.906415150987877,19.256446764752415
70 to 79,5.199781061850027,26.666666666666668
89+,2.9776465708544193,38.79133048568264
Unknown,0.09109425696768714,0.0
