Age,% Cases,% Deaths
0 to 9,1.9910505007457915,0.0
10 to 19,8.769656935861923,0.0
20 to 29,18.75388877050927,0.37855844942459116
30 to 39,13.947581504368209,0.938824954572986
40 to 49,14.365224802897933,3.0890369473046637
50 to 59,15.192840400596634,7.858873410054512
60 to 69,12.198593650117196,17.74682010902483
70 to 79,7.76390368634136,27.013930950938825
89+,6.9371404219049655,42.97395517867959
Unknown,0.08011932665672278,0.0
