Age,% Cases,% Deaths
0 to 9,2.454324494087446,0.0
10 to 19,9.184531774858671,0.0
20 to 29,19.046071496845727,0.35629453681710216
30 to 39,14.728677936477592,0.777369898510041
40 to 49,14.609880656525656,2.742388253077089
50 to 59,15.691891744271786,7.363420427553444
60 to 69,11.974765819155039,16.454329518462536
70 to 79,7.165797307261654,27.391492118332973
89+,5.057486959608925,44.914705247246815
Unknown,0.08657181090750198,0.0
