Age,% Cases,% Deaths
0 to 9,2.0341656972575017,0.0
10 to 19,9.137411757206827,0.0
20 to 29,19.089127213041607,0.14898688915375446
30 to 39,13.851927397893327,0.9237187127532777
40 to 49,14.226411486303444,3.1436233611442197
50 to 59,15.124376523831529,7.926102502979737
60 to 69,12.020142463308527,17.69964243146603
70 to 79,7.668159291189267,27.07091775923719
89+,6.77497490159833,43.08700834326579
Unknown,0.0733032683696397,0.0
