Age,% Cases,% Deaths
0 to 9,5.746204588182875,0.0
10 to 19,12.783881589671697,0.0
20 to 29,17.7432921461872,0.503919372900336
30 to 39,15.874185403739084,1.3557830747080466
40 to 49,14.1872874080353,3.4954407294832825
50 to 59,14.093611102055009,8.954567269236922
60 to 69,10.425310714816142,18.425051991681332
70 to 79,5.646877275345309,26.763717805151177
89+,3.434073397885219,40.5015197568389
Unknown,0.06527637408216419,0.0
