Age,% Cases,% Deaths
0 to 9,5.122712909337488,0.0
10 to 19,12.872740672439148,0.0
20 to 29,18.111890347526728,0.506719541749284
30 to 39,15.693808323546138,1.2293456708526107
40 to 49,14.226065682450692,3.2782551222736287
50 to 59,14.191403870681155,8.653888521700816
60 to 69,10.441366011906164,18.100903282661378
70 to 79,5.725929390860723,27.036792244987883
89+,3.5426559024354125,41.1940956157744
Unknown,0.0714268888163496,0.0
