Age,% Cases,% Deaths
0 to 9,2.0276384982267337,0.0
10 to 19,9.021238433003138,0.0
20 to 29,19.024091965268436,0.34467256106698635
30 to 39,13.8763197586727,0.929117338528398
40 to 49,14.256247197423669,3.117038813127529
50 to 59,15.131873955403366,7.867525850442079
60 to 69,12.057396763279115,17.74314401318747
70 to 79,7.715135950430069,27.094260452570058
89+,6.813419754596225,42.90424097107748
Unknown,0.07663772369654723,0.0
