Age,% Cases,% Deaths
0 to 9,2.024635878505798,0.0
10 to 19,9.12731212133371,0.0
20 to 29,19.075552702323158,0.32816229116945106
30 to 39,13.852264976126468,0.9397374701670645
40 to 49,14.242266179833887,3.1026252983293556
50 to 59,15.121775067206997,7.890811455847254
60 to 69,12.025839585924649,17.705847255369928
70 to 79,7.678048389038238,27.04355608591885
89+,6.776070296513261,42.98926014319809
Unknown,0.07623480319383702,0.0
