Age,% Cases,% Deaths
0 to 9,6.295749632365981,0.0
10 to 19,12.724638709202175,0.0
20 to 29,18.41132994846303,0.5258969657129018
30 to 39,16.32180458512603,1.5430924125523302
40 to 49,14.174985608389967,3.7297166384112375
50 to 59,13.798157328262395,9.469605231290869
60 to 69,9.925927542676922,19.191779400062277
70 to 79,5.224249931111251,26.62353388921565
89+,3.035088245805971,38.91637546275473
Unknown,0.08806846859627919,0.0
