Age,% Cases,% Deaths
0 to 9,4.488743210120923,0.0
10 to 19,12.399158530455724,0.0
20 to 29,18.74889625045363,0.5045937068596182
30 to 39,15.61609116437572,1.1472366354072452
40 to 49,14.338264546691274,3.056124149093159
50 to 59,14.46625097760674,8.3257961631837
60 to 69,10.509927438777074,17.85595277764555
70 to 79,5.731443908175801,27.090969676774407
89+,3.6320394962826685,42.01932689103632
Unknown,0.0691844770604457,0.0
