Age,% Cases,% Deaths
0 to 9,5.855815042695965,0.0
10 to 19,12.720832787378832,0.0
20 to 29,17.74977069910984,0.5015625602839616
30 to 39,15.957320761975918,1.4120915158763843
40 to 49,14.178391910766408,3.59581773988194
50 to 59,14.076356499460552,9.10914772946487
60 to 69,10.401408980788906,18.607970986534976
70 to 79,5.606929486839941,26.629113777537718
89+,3.388844128363893,40.14429569042016
Unknown,0.06432970261974524,0.0
