Age,% Cases,% Deaths
0 to 9,4.063591804348661,0.0
10 to 19,11.94026030535328,0.0
20 to 29,18.984864578934122,0.48277921560820225
30 to 39,15.577688478224703,1.0501692215807288
40 to 49,14.499161750214363,2.946446346804698
50 to 59,14.742104881471906,8.172406928130599
60 to 69,10.624229471412058,17.76826597650806
70 to 79,5.764726960928602,27.035636074059326
89+,3.736077161639301,42.54429623730838
Unknown,0.0672946074730075,0.0
