Age,% Cases,% Deaths
0 to 9,2.665149004181435,0.0
10 to 19,9.077666181093306,0.0
20 to 29,18.841819071827505,0.3502218071445249
30 to 39,15.088553246952388,0.7004436142890498
40 to 49,14.614185426115197,2.389290995408203
50 to 59,15.618555586354404,6.879912833683555
60 to 69,11.937634294454044,16.14133395594988
70 to 79,7.0551646722773,27.325083664098372
89+,4.998456781022142,46.21371312942642
Unknown,0.10281573572227562,0.0
