Age,% Cases,% Deaths
0 to 9,3.935579882801363,0.0
10 to 19,11.94370619167042,0.0
20 to 29,18.960306536714302,0.4572706025810385
30 to 39,15.519147922748633,1.0263184635707754
40 to 49,14.531088051038765,2.9011279341530334
50 to 59,14.846502433532095,8.06828574331877
60 to 69,10.648841263043966,17.726857026724925
70 to 79,5.76355214064731,27.01453104359313
89+,3.7841899239584116,42.80560918605833
Unknown,0.06708565384473474,0.0
