Age,% Cases,% Deaths
0 to 9,6.496529668666167,0.0
10 to 19,12.761703915076788,0.0
20 to 29,18.279528183969667,0.5253409664926756
30 to 39,16.432818886931862,1.532244485603637
40 to 49,14.186175531038018,3.7481057417073584
50 to 59,13.740307238775843,9.46624010776225
60 to 69,9.870705340569167,19.313015659201884
70 to 79,5.1641306716656725,26.597070213840713
89+,2.972506319784946,38.817982825391475
Unknown,0.09559424352186954,0.0
