Age,% Cases,% Deaths
0 to 9,3.8987053943031937,0.0
10 to 19,11.932975562879399,0.0
20 to 29,18.96736077744016,0.45213185426633723
30 to 39,15.512033584404275,0.9620945271016245
40 to 49,14.543278720327724,2.8652541927343465
50 to 59,14.870370245047948,7.833447242521424
60 to 69,10.658220937918028,17.491193943536093
70 to 79,5.76538288882723,26.991220230271807
89+,3.785464052641433,43.40465800956837
Unknown,0.06620783621061085,0.0
