Age,% Cases,% Deaths
0 to 9,2.602812159406058,0.0
10 to 19,9.106389407460963,0.0
20 to 29,18.89045959274407,0.3488270689805529
30 to 39,14.986888819346275,0.6714921077875643
40 to 49,14.626466240058702,2.459230836312898
50 to 59,15.674281582837843,7.098630853754251
60 to 69,11.958044221908082,16.26406209121828
70 to 79,7.064930019747704,27.478852358943058
89+,5.004478304503124,45.6789046830034
Unknown,0.08524965198718018,0.0
