Age,% Cases,% Deaths
0 to 9,4.616426632898169,0.0
10 to 19,12.543318337289797,0.0
20 to 29,18.591586871995663,0.5122902664849368
30 to 39,15.629641250423907,1.1702777647224702
40 to 49,14.305361281273985,3.087841331014711
50 to 59,14.395262390054326,8.408140245335339
60 to 69,10.493347599771912,17.864360577149036
70 to 79,5.745873896081082,27.0808854631762
89+,3.6103233151996754,41.876204352117306
Unknown,0.06885842501148423,0.0
