Age,% Cases,% Deaths
0 to 9,3.9368512565048945,0.0
10 to 19,11.943529075218208,0.0
20 to 29,18.958702786782478,0.457131247460382
30 to 39,15.519782590962372,1.0158472165786265
40 to 49,14.531966034307628,2.8900853311661927
50 to 59,14.843619923053113,8.086143843965868
60 to 69,10.64864013194726,17.721454693214138
70 to 79,5.762859214909325,27.011377488825683
89+,3.783203319242421,42.81796017878911
Unknown,0.07084566707229721,0.0
