Age,% Cases,% Deaths
0 to 9,2.009115740010461,0.0
10 to 19,8.926451420079534,0.0
20 to 29,18.9305194643465,0.3458646616541353
30 to 39,13.88614457331197,0.9323308270676691
40 to 49,14.307892836091025,3.112781954887218
50 to 59,15.166333197731857,7.849624060150376
60 to 69,12.106167653236586,17.71428571428571
70 to 79,7.723472615420378,27.08270676691729
89+,6.864202040663839,42.962406015037594
Unknown,0.07970045910785299,0.0
