Age,% Cases,% Deaths
0 to 9,3.431360688284218,0.0
10 to 19,11.233774420349006,0.0
20 to 29,18.996583284198675,0.4234760825480138
30 to 39,15.399289659308991,0.7753787426935465
40 to 49,14.63151554204547,2.516998687820589
50 to 59,15.210943678311686,7.002266491709412
60 to 69,10.984811342019237,16.664678516044376
70 to 79,6.015610176031541,27.048789216271025
89+,4.026452486256092,45.568412262913036
Unknown,0.06965872319508135,0.0
