Age,% Cases,% Deaths
0 to 9,2.9895677857013117,0.0
10 to 19,10.197825108389207,0.0
20 to 29,18.820314782787243,0.3657921291624622
30 to 39,15.074352231356661,0.6811301715438951
40 to 49,14.543185892424207,2.358728557013118
50 to 59,15.377131259526008,6.704086781029263
60 to 69,11.59515743087967,16.30928355196771
70 to 79,6.685619970464435,27.106458123107974
89+,4.64387531884985,46.47452068617558
Unknown,0.07297021962140776,0.0
