Age,% Cases,% Deaths
0 to 9,5.866969696551286,0.0
10 to 19,12.700606566046385,0.0
20 to 29,17.78406635360329,0.505491999543917
30 to 39,15.988324328503909,1.4214587054843981
40 to 49,14.174080174969381,3.6296605982288774
50 to 59,14.069695032454666,9.1672684428566
60 to 69,10.383007866166096,18.688001216221352
70 to 79,5.595789246949566,26.589639314355214
89+,3.3735317387444237,39.99847972330964
Unknown,0.06392899601099633,0.0
