Age,% Cases,% Deaths
0 to 9,4.187762247190079,0.0
10 to 19,11.991761575173552,0.0
20 to 29,18.94868821959177,0.5054222483929535
30 to 39,15.599494743129979,1.1187987634329457
40 to 49,14.442029241015408,2.9932773933951617
50 to 59,14.675990550286125,8.273222434859415
60 to 69,10.600853295058812,17.738848814956572
70 to 79,5.772497516235214,27.032729770842533
89+,3.7093652969836,42.33770057412042
Unknown,0.07155731533545863,0.0
