Age,% Cases,% Deaths
0 to 9,1.8443074740464527,0.0
10 to 19,7.374354156881164,0.0
20 to 29,17.33303936887108,0.23259420065126377
30 to 39,14.324057476442903,0.8993642425182198
40 to 49,14.936589948332552,2.9927120483795937
50 to 59,15.73508689525599,7.908202822142968
60 to 69,12.75102807680141,17.78570320979997
70 to 79,8.192022699168913,27.104977515893935
89+,7.46925355393449,43.076445960614045
Unknown,0.04026035026504731,0.0
