Age,% Cases,% Deaths
0 to 9,2.739320801309671,0.0
10 to 19,9.245414407478792,0.0
20 to 29,18.87575584418448,0.36488516849109254
30 to 39,15.07039846837627,0.6939972812477642
40 to 49,14.555018842132148,2.3252486227373543
50 to 59,15.556196590226346,6.703870644630465
60 to 69,11.89709311191914,16.01917435787365
70 to 79,7.01155148559785,27.30199613650998
89+,4.968222849782916,46.59082778850969
Unknown,0.0810275989923915,0.0
