Age,% Cases,% Deaths
0 to 9,3.927351562701426,0.0
10 to 19,11.941682164207798,0.0
20 to 29,18.960470901054506,0.45211672831894784
30 to 39,15.515588900958102,0.9658857377722976
40 to 49,14.536861728303723,2.887381833127826
50 to 59,14.8524174482696,7.942868886148788
60 to 69,10.648856544894667,17.673653925195232
70 to 79,5.764524811199033,27.070489108097
89+,3.7836419950295768,43.00760378133991
Unknown,0.06860394338156908,0.0
