Age,% Cases,% Deaths
0 to 9,3.869476642398832,0.0
10 to 19,11.895824143842624,0.0
20 to 29,18.970860409172968,0.4497991967871486
30 to 39,15.501439244771653,0.9424364123159303
40 to 49,14.562405926141505,2.859437751004016
50 to 59,14.890044427871782,7.657295850066935
60 to 69,10.675080829623433,17.402945113788487
70 to 79,5.773349643258287,27.04685408299866
89+,3.79558176865675,43.64123159303882
Unknown,0.06593696426216537,0.0
