Age,% Cases,% Deaths
0 to 9,3.9620509100749866,0.0
10 to 19,11.947486161159413,0.0
20 to 29,18.963786657261466,0.4689154439570413
30 to 39,15.531332732199163,1.0336308173246609
40 to 49,14.533694013834959,2.914334694700751
50 to 59,14.817513633656414,8.158120304542933
60 to 69,10.638522052862097,17.722986940956993
70 to 79,5.7595751689442105,27.005495890687236
89+,3.7760542307312654,42.69651590783038
Unknown,0.0699844392760215,0.0
