Age,% Cases,% Deaths
0 to 9,1.9558259208827742,0.0
10 to 19,8.441351748041521,0.0
20 to 29,18.33984685847672,0.2748091603053435
30 to 39,14.046225397442926,0.9312977099236641
40 to 49,14.528108366195688,3.0839694656488548
50 to 59,15.322110028470885,7.893129770992366
60 to 69,12.336204000070735,17.679389312977097
70 to 79,7.8869652867424715,27.068702290076335
89+,7.0682063343295205,43.06870229007634
Unknown,0.07515605934676121,0.0
