Age,% Cases,% Deaths
0 to 9,2.8249638103645722,0.0
10 to 19,9.547286342127169,0.0
20 to 29,18.877347981808732,0.37768354094884704
30 to 39,15.038031700904176,0.6758547574874105
40 to 49,14.492189468598864,2.325735489000795
50 to 59,15.470395748651903,6.65253114232706
60 to 69,11.819109170184259,16.19401007156109
70 to 79,6.945977085400588,27.040816326530614
89+,4.909278275270618,46.73336867214418
Unknown,0.07542041668911321,0.0
