Age,% Cases,% Deaths
0 to 9,3.9339713935705456,0.0
10 to 19,11.943659765845691,0.0
20 to 29,18.960234042434177,0.4587389775217901
30 to 39,15.519855010040779,0.9837402517967277
40 to 49,14.532110912843807,2.9206381568887303
50 to 59,14.848828948766856,8.002446607880117
60 to 69,10.647700130334337,17.727712931342065
70 to 79,5.763574628994635,27.040114175034407
89+,3.782940186048073,42.86660889953616
Unknown,0.06712498112109906,0.0
