Age,% Cases,% Deaths
0 to 9,1.957303193032106,0.0
10 to 19,8.505084418038479,0.0
20 to 29,18.41728262684678,0.3656307129798903
30 to 39,14.028950860879425,0.9293113954905545
40 to 49,14.514101899296003,3.0773918342474103
50 to 59,15.300714543105496,7.891529555149298
60 to 69,12.308949806203254,17.672151127361367
70 to 79,7.854700779581469,27.04143814747105
89+,7.039084541084032,43.02254722730043
Unknown,0.07382733193295775,0.0
