Age,% Cases,% Deaths
0 to 9,2.6111366499812716,0.0
10 to 19,9.096307079374808,0.0
20 to 29,18.872160928933837,0.3502178183992483
30 to 39,15.014088943371812,0.6918937387887588
40 to 49,14.630580243130046,2.468608524814214
50 to 59,15.674907208771751,7.072691552062868
60 to 69,11.951127115469745,16.246690014521224
70 to 79,7.069372084312324,27.428034509267956
89+,4.99731841863316,45.741863842145726
Unknown,0.08300132802124834,0.0
