Age,% Cases,% Deaths
0 to 9,3.9332890891937233,0.0
10 to 19,11.942672129661442,0.0
20 to 29,18.958352685481245,0.454452614379085
30 to 39,15.519284811762823,0.9803921568627451
40 to 49,14.533864113787272,2.8850081699346406
50 to 59,14.849355419590008,8.001429738562091
60 to 69,10.648587004086055,17.713439542483663
70 to 79,5.763675859822926,27.062908496732025
89+,3.7837692649466668,42.90236928104575
Unknown,0.06714962166783993,0.0
