Age,% Cases,% Deaths
0 to 9,2.2145344601068255,0.0
10 to 19,9.52307189205005,0.0
20 to 29,19.05876548309553,0.15195468987429203
30 to 39,14.08007894299008,0.870285951098218
40 to 49,14.179331394181396,2.9976516093383063
50 to 59,15.280287774737095,7.7358751208730485
60 to 69,11.999793463107347,17.295206520237603
70 to 79,7.496715489693235,27.034120734908136
89+,6.093985760428679,43.9149053736704
Unknown,0.07343533960976001,0.0
