Age,% Cases,% Deaths
0 to 9,4.046645331127637,0.0
10 to 19,11.940116206188305,0.0
20 to 29,18.98952258606447,0.48369402612945045
30 to 39,15.57362207381868,1.032213024832951
40 to 49,14.507452260213578,2.9370699112396528
50 to 59,14.749700270319208,8.167946544330308
60 to 69,10.62366273419897,17.79196170340082
70 to 79,5.763916939253713,27.017053954323327
89+,3.7377550112981215,42.5700608357435
Unknown,0.06760658751731682,0.0
