Age,% Cases,% Deaths
0 to 9,2.868190652412977,0.0
10 to 19,9.710198707814621,0.0
20 to 29,18.87614099833436,0.36786060019361083
30 to 39,15.035168250127507,0.6582768635043562
40 to 49,14.473797916846701,2.3104227170054856
50 to 59,15.433871659185684,6.705388835108099
60 to 69,11.772171417049188,16.27621813488222
70 to 79,6.899110923592295,27.034527266860277
89+,4.858149358736485,46.64730558244595
Unknown,0.07320011590018351,0.0
