Age,% Cases,% Deaths
0 to 9,2.796886058032555,0.0
10 to 19,9.417374380750177,0.0
20 to 29,18.871196036801134,0.36719706242350064
30 to 39,15.055732484076433,0.6799945600435197
40 to 49,14.519108280254777,2.291581667346661
50 to 59,15.514861995753716,6.616347069223447
60 to 69,11.847664543524417,16.204270365837072
70 to 79,6.970983722576079,27.172582619339046
89+,4.930820948336872,46.668026655786754
Unknown,0.07537154989384288,0.0
