Age,% Cases,% Deaths
0 to 9,2.883734509176205,0.0
10 to 19,9.787281165373038,0.0
20 to 29,18.85375454280048,0.36538461538461536
30 to 39,15.037969926073577,0.6538461538461539
40 to 49,14.483941221279267,2.3141025641025643
50 to 59,15.419514830586682,6.698717948717949
60 to 69,11.754401860408928,16.294871794871796
70 to 79,6.8761975711327885,27.05769230769231
89+,4.830217551065608,46.61538461538461
Unknown,0.07298682210342988,0.0
