Age,% Cases,% Deaths
0 to 9,1.9123236605511291,0.0
10 to 19,8.012023974855639,0.0
20 to 29,17.894342518821723,0.2612571077301368
30 to 39,14.178422629924714,0.9374519747963732
40 to 49,14.71109568014034,3.073613032119256
50 to 59,15.47492873327973,7.883817427385892
60 to 69,12.494517944594694,17.780851390809897
70 to 79,7.99375045683795,27.047794682649457
89+,7.235399459103867,43.015214384508994
Unknown,0.0931949418902127,0.0
