Age,% Cases,% Deaths
0 to 9,3.93539271206183,0.0
10 to 19,11.94434445892682,0.0
20 to 29,18.95975067462278,0.4572009144018288
30 to 39,15.520348232790132,1.031242062484125
40 to 49,14.531609458803855,2.900685801371603
50 to 59,14.844831171037834,8.07721615443231
60 to 69,10.648643935549211,17.724155448310896
70 to 79,5.763525432216899,27.00533401066802
89+,3.7847064636352052,42.80416560833122
Unknown,0.06684746035543175,0.0
