Age,% Cases,% Deaths
0 to 9,1.9969786468411583,0.0
10 to 19,8.796720643650065,0.0
20 to 29,18.782462572563396,0.3778718258766627
30 to 39,13.935567097803577,0.9371221281741233
40 to 49,14.359065756865942,3.0985489721886337
50 to 59,15.18060223376447,7.874848851269649
60 to 69,12.171979495535865,17.714631197097944
70 to 79,7.763010489866586,26.995163240628777
89+,6.9397766235529765,43.00181378476421
Unknown,0.07383643955596292,0.0
