Age,% Cases,% Deaths
0 to 9,2.477618893299846,0.0
10 to 19,9.139795835696345,0.0
20 to 29,18.98393826460342,0.35725222006736757
30 to 39,14.856598881957384,0.7451260589976524
40 to 49,14.67279024548327,2.664080841073798
50 to 59,15.698422182613628,7.1348371950597125
60 to 69,11.944270031596856,16.40298050423599
70 to 79,7.126255772502634,27.30427681943452
89+,5.018026411731346,45.39144636113096
Unknown,0.0822834805152718,0.0
