Age,% Cases,% Deaths
0 to 9,3.8140820905675867,0.0
10 to 19,11.812135789116853,0.0
20 to 29,18.98012881563867,0.45971978984238177
30 to 39,15.49235200383726,0.9358581436077058
40 to 49,14.57892782772926,2.7911558669001755
50 to 59,14.937287123278825,7.492338003502627
60 to 69,10.709385369993289,17.365367775831874
70 to 79,5.791976349208912,27.041374781085814
89+,3.8173105526896545,43.914185639229416
Unknown,0.06641407793968772,0.0
