Age,% Cases,% Deaths
0 to 9,2.8572354362681645,0.0
10 to 19,9.668793306626693,0.0
20 to 29,18.88616592566822,0.370442581399883
30 to 39,15.03246238303054,0.6628972509261064
40 to 49,14.476329832136992,2.307142392929096
50 to 59,15.44141848761279,6.713459413790862
60 to 69,11.78264272960293,16.26047962565802
70 to 79,6.909448113907407,27.068304412816012
89+,4.871489210755648,46.617274322480014
Unknown,0.07401457439061618,0.0
