Age,% Cases,% Deaths
0 to 9,5.87950196937429,0.0
10 to 19,12.661844765379513,0.0
20 to 29,17.93686526914782,0.5040436336279857
30 to 39,16.06867665473004,1.433138988151213
40 to 49,14.171057116917044,3.6449125446680464
50 to 59,14.019717368632442,9.19691555388377
60 to 69,10.31972378133364,18.721083317660334
70 to 79,5.54563649434501,26.60522851231898
89+,3.3341996105127802,39.894677449689674
Unknown,0.06277696962742206,0.0
