Age,% Cases,% Deaths
0 to 9,4.26749564369992,0.0
10 to 19,12.11178576260428,0.0
20 to 29,18.92714475936846,0.5114217524718718
30 to 39,15.600182695036615,1.1251278554381179
40 to 49,14.39903403559705,3.029565047976231
50 to 59,14.611432274156485,8.255808289903072
60 to 69,10.570067513750447,17.787735619307387
70 to 79,5.7577419056231625,26.998197847157957
89+,3.6845194438990947,42.292143587745365
Unknown,0.07059596626448666,0.0
