Age,% Cases,% Deaths
0 to 9,2.903278204860455,0.0
10 to 19,9.872902847254682,0.0
20 to 29,18.83650081714784,0.37027579162410623
30 to 39,15.038337990910266,0.6639427987742594
40 to 49,14.498655766942143,2.342951991828396
50 to 59,15.409949645129103,6.690500510725229
60 to 69,11.730961118348864,16.285750766087844
70 to 79,6.843157339910295,27.074821246169563
89+,4.793657739367962,46.5717568947906
Unknown,0.07259853012839,0.0
