Age,% Cases,% Deaths
0 to 9,6.133520814535594,0.0
10 to 19,12.62091621513926,0.0
20 to 29,18.460734291197394,0.5210166866155038
30 to 39,16.28939509831313,1.5102443145814266
40 to 49,14.182521652704812,3.7069633176089556
50 to 59,13.868608959708336,9.452228402450187
60 to 69,9.987324408128867,19.10863901992537
70 to 79,5.283443180829284,26.592973315496728
89+,3.09595892512813,39.10793494332183
Unknown,0.07757645431519743,0.0
