Age,% Cases,% Deaths
0 to 9,2.816837402622826,0.0
10 to 19,9.505165774971116,0.0
20 to 29,18.869629507927378,0.38045654785742894
30 to 39,15.044806172013054,0.6808169803764518
40 to 49,14.500525229361807,2.289413963422774
50 to 59,15.484390812593618,6.634628220531304
60 to 69,11.832255200295037,16.232812708583634
70 to 79,6.953477437859511,27.09918568949406
89+,4.917754849850821,46.68268588973435
Unknown,0.07515761250482844,0.0
