Age,% Cases,% Deaths
0 to 9,4.3922009019715995,0.0
10 to 19,12.28276591396548,0.0
20 to 29,18.839222471116475,0.5097134064243124
30 to 39,15.607818939022671,1.130025004808617
40 to 49,14.355951405436828,3.0534718215041354
50 to 59,14.528568055602403,8.275629928832467
60 to 69,10.527036330844611,17.878438161184842
70 to 79,5.741686127375215,27.000384689363337
89+,3.655107964770331,42.152336987882286
Unknown,0.06964188989438638,0.0
