Age,% Cases,% Deaths
0 to 9,3.913852961810365,0.0
10 to 19,11.941343922577396,0.0
20 to 29,18.960578151139572,0.4532430320395937
30 to 39,15.515438650141212,0.9585829643136234
40 to 49,14.539673688186936,2.880958582964314
50 to 59,14.859756975049917,7.892680385517062
60 to 69,10.654489935421202,17.551445688981506
70 to 79,5.765546581281143,26.996613701484762
89+,3.783098882912702,43.26647564469914
Unknown,0.06622025147955604,0.0
