Age,% Cases,% Deaths
0 to 9,3.916611042564237,0.0
10 to 19,11.942888093295666,0.0
20 to 29,18.961301356778613,0.45260638851316204
30 to 39,15.514404956950315,0.9520341275621683
40 to 49,14.539803259235287,2.882114244095307
50 to 59,14.857928176360993,7.912808240557695
60 to 69,10.652970776557419,17.563208823223388
70 to 79,5.765016822077038,27.015919259182187
89+,3.7826637090376245,43.22130891686609
Unknown,0.06641180714280898,0.0
