Age,% Cases,% Deaths
0 to 9,3.8901258038535267,0.0
10 to 19,11.922617696130095,0.0
20 to 29,18.973371875377712,0.45382585751978893
30 to 39,15.510235894933395,0.9445910290237468
40 to 49,14.548605110096727,2.8601583113456464
50 to 59,14.875173252815252,7.799472295514512
60 to 69,10.661190352741038,17.482849604221638
70 to 79,5.766508861168439,27.029023746701846
89+,3.7860893944990606,43.43007915567282
Unknown,0.0660817583847585,0.0
