Age,% Cases,% Deaths
0 to 9,3.587100207624114,0.0
10 to 19,11.48731369061932,0.0
20 to 29,18.98094520847243,0.4353378221499884
30 to 39,15.440349872874476,0.8300441142326446
40 to 49,14.607046037382105,2.617831437195264
50 to 59,15.113473108344147,7.12212677037381
60 to 69,10.870422291091204,16.867889482238215
70 to 79,5.917226210194698,27.060599024843278
89+,3.928257995847518,45.0661713489668
Unknown,0.06786537754998663,0.0
