Sex,% Cases,% Deaths
Female,51.0286100176239,46.431887991999425
Male,48.41888155017139,53.56811200800057
Unknown,0.5525084322047081,0.0
