Sex,% Cases,% Deaths
Female,50.92497876693326,46.49718610518145
Male,48.53496094647565,53.50281389481856
Unknown,0.5400602865910843,0.0
