Sex,% Cases,% Deaths
Female,50.9765764543899,46.11552053762818
Male,48.45173063951862,53.88447946237183
Unknown,0.571692906091478,0.0
