Sex,% Cases,% Deaths
Female,51.7493207535903,47.43286489494921
Male,48.01182336607649,52.56713510505079
Unknown,0.23885588033320396,0.0
