Sex,% Cases,% Deaths
Female,50.96068104553307,46.53274993370459
Male,48.48687510449757,53.46725006629541
Unknown,0.5524438499693474,0.0
