Sex,% Cases,% Deaths
Female,51.747553645816794,45.37645851544981
Male,47.6692841195127,54.62354148455019
Unknown,0.5831622346705033,0.0
