Sex,% Cases,% Deaths
Female,52.04213344381942,47.6311084624553
Male,47.77859225853744,52.36889153754469
Unknown,0.17927429764314057,0.0
