Sex,% Cases,% Deaths
Female,51.57499820036501,47.019354838709674
Male,48.06465135777167,52.98064516129032
Unknown,0.3603504418633209,0.0
