Sex,% Cases,% Deaths
Female,52.58832031012568,45.42100894586369
Male,46.767819636212074,54.5789910541363
Unknown,0.6438600536622404,0.0
