Sex,% Cases,% Deaths
Female,51.16370664657548,46.1414467056216
Male,48.276483909903874,53.858553294378396
Unknown,0.5598094435206482,0.0
