Sex,% Cases,% Deaths
Female,51.09184992071688,46.0499947262947
Male,48.336408728479284,53.9500052737053
Unknown,0.5717413508038349,0.0
