Sex,% Cases,% Deaths
Female,51.722824234403774,45.467545880670535
Male,47.69454637116987,54.532454119329465
Unknown,0.5826293944263506,0.0
