Sex,% Cases,% Deaths
Female,51.07702364737128,46.03625831366659
Male,48.350241666932405,53.9637416863334
Unknown,0.5727346856963242,0.0
