Sex,% Cases,% Deaths
Female,51.101873726353,46.04883171436073
Male,48.335467349551855,53.95116828563927
Unknown,0.5626589240951471,0.0
