Sex,% Cases,% Deaths
Female,52.054416304811625,47.65272344267228
Male,47.76904863499076,52.34727655732772
Unknown,0.17653506019761886,0.0
