Sex,% Cases,% Deaths
Female,53.111092662334556,45.53656632254706
Male,46.277288465908754,54.46343367745293
Unknown,0.6116188717566841,0.0
