Sex,% Cases,% Deaths
Female,50.9351628421552,46.48585213195984
Male,48.5156077402472,53.51414786804016
Unknown,0.5492294175976051,0.0
