Sex,% Cases,% Deaths
Female,51.14811411019629,46.12899969718381
Male,48.29380341761616,53.871000302816185
Unknown,0.5580824721875566,0.0
