Sex,% Cases,% Deaths
Female,50.723383001748104,46.53186427945411
Male,48.7169203060321,53.46813572054588
Unknown,0.5596966922197922,0.0
