Sex,% Cases,% Deaths
Female,51.68148303785118,45.769812135607864
Male,47.75033468656995,54.23018786439214
Unknown,0.5681822755788689,0.0
