Sex,% Cases,% Deaths
Female,52.572991362749846,45.35258970508356
Male,46.795418884636256,54.64741029491644
Unknown,0.6315897526139046,0.0
