Sex,% Cases,% Deaths
Female,50.9872954241397,46.28580547354983
Male,48.49607194230131,53.71419452645018
Unknown,0.5166326335589912,0.0
