Sex,% Cases,% Deaths
Female,52.046928667523474,47.74563078278749
Male,47.75991522175374,52.25436921721251
Unknown,0.19315611072279468,0.0
