Sex,% Cases,% Deaths
Female,51.72331397145919,45.522809850625755
Male,47.69992188510461,54.477190149374245
Unknown,0.5767641434361931,0.0
