Sex,% Cases,% Deaths
Female,52.735829360394426,45.453175392591255
Male,46.63155383799151,54.54682460740875
Unknown,0.6326168016140679,0.0
