Sex,% Cases,% Deaths
Female,50.98203947925786,46.60827052352821
Male,48.46516619129649,53.39172947647178
Unknown,0.5527943294456524,0.0
