Sex,% Cases,% Deaths
Female,51.45207612525472,47.15221774193548
Male,48.165390894682275,52.84778225806451
Unknown,0.3825329800630008,0.0
