Sex,% Cases,% Deaths
Female,51.01071286237452,46.1989217907649
Male,48.47158801380795,53.8010782092351
Unknown,0.5176991238175304,0.0
