Sex,% Cases,% Deaths
Female,50.89993442181904,46.46165723108595
Male,48.558288913924436,53.53834276891405
Unknown,0.5417766642565284,0.0
