Sex,% Cases,% Deaths
Female,52.10166269012825,47.532869296210364
Male,47.72498508798091,52.467130703789636
Unknown,0.173352221890844,0.0
