Sex,% Cases,% Deaths
Female,51.21365074501174,46.115488181908844
Male,48.221389610013915,53.884511818091156
Unknown,0.5649596449743449,0.0
