Sex,% Cases,% Deaths
Female,51.11303988055621,46.08491794738213
Male,48.325830620064394,53.91508205261787
Unknown,0.5611294993793959,0.0
