Sex,% Cases,% Deaths
Female,52.55164632808488,45.37272097853681
Male,46.81741931553602,54.627279021463195
Unknown,0.6309343563791034,0.0
