Sex,% Cases,% Deaths
Female,51.176178779612535,46.15887380593263
Male,48.259741625044214,53.84112619406737
Unknown,0.5640795953432498,0.0
