Sex,% Cases,% Deaths
Female,51.11669467805984,46.096057199108856
Male,48.322740648180265,53.903942800891144
Unknown,0.5605646737598924,0.0
