Sex,% Cases,% Deaths
Female,51.646587086622894,47.16607213634562
Male,48.031339833241816,52.83392786365438
Unknown,0.3220730801352891,0.0
