Sex,% Cases,% Deaths
Female,51.03717085581844,45.979244131194854
Male,48.38810114376332,54.020755868805146
Unknown,0.5747280004182375,0.0
