Sex,% Cases,% Deaths
Female,51.01410909259055,46.36404697380307
Male,48.4437225809062,53.63595302619692
Unknown,0.5421683265032455,0.0
