Sex,% Cases,% Deaths
Female,53.1731141290888,45.52591616286066
Male,46.21939847126797,54.47408383713934
Unknown,0.6074873996432217,0.0
