Sex,% Cases,% Deaths
Female,53.29949198379733,45.7351724137931
Male,46.09849099785786,54.2648275862069
Unknown,0.6020170183448095,0.0
