Sex,% Cases,% Deaths
Female,51.7343993891141,47.35828288387452
Male,48.01125197920293,52.641717116125484
Unknown,0.25434863168296823,0.0
