Sex,% Cases,% Deaths
Female,51.123126069697214,46.08994410543049
Male,48.3170470532362,53.91005589456951
Unknown,0.5598268770665878,0.0
