Sex,% Cases,% Deaths
Female,51.71646108088841,47.42667404537908
Male,48.04221179522838,52.57332595462092
Unknown,0.24132712388320468,0.0
