Sex,% Cases,% Deaths
Female,51.7235899737663,45.41841892048304
Male,47.695909383633634,54.58158107951696
Unknown,0.5805006426000631,0.0
