Sex,% Cases,% Deaths
Female,51.011449703089994,46.586317879887694
Male,48.43348860363403,53.413682120112306
Unknown,0.5550616932759663,0.0
