Sex,% Cases,% Deaths
Female,51.309712199702226,46.777827850383055
Male,48.2848693505407,53.222172149616945
Unknown,0.40541844975707064,0.0
