Sex,% Cases,% Deaths
Female,52.201378437706694,47.49573577298806
Male,47.64620737914706,52.504264227011944
Unknown,0.15241418314625052,0.0
