Sex,% Cases,% Deaths
Female,51.109425417237375,46.092645904213555
Male,48.32874331896867,53.907354095786445
Unknown,0.5618312637939592,0.0
