Sex,% Cases,% Deaths
Female,50.91798285297382,46.298048492016555
Male,48.516748447294354,53.70195150798344
Unknown,0.5652686997318196,0.0
