Sex,% Cases,% Deaths
Female,51.06481264442861,46.00075508332884
Male,48.362332445655966,53.99924491667116
Unknown,0.572854909915421,0.0
