Sex,% Cases,% Deaths
Female,52.590088135880805,45.43726818502284
Male,46.7665835632656,54.56273181497716
Unknown,0.6433283008535934,0.0
