Sex,% Cases,% Deaths
Female,51.12564136680311,46.12336144700742
Male,48.31631780263177,53.87663855299258
Unknown,0.5580408305651183,0.0
