Sex,% Cases,% Deaths
Female,51.99466232614067,47.67969550578246
Male,47.808840888927996,52.32030449421754
Unknown,0.19649678493133613,0.0
