Sex,% Cases,% Deaths
Female,52.038679131725715,47.58353221957041
Male,47.786382056734745,52.4164677804296
Unknown,0.1749388115395418,0.0
