Sex,% Cases,% Deaths
Female,52.02991534690944,47.64783955168854
Male,47.77890784513149,52.35216044831146
Unknown,0.19117680795907285,0.0
