Sex,% Cases,% Deaths
Female,51.12049952964471,46.0769666683839
Male,48.31911055199192,53.9230333316161
Unknown,0.5603899183633654,0.0
