Sex,% Cases,% Deaths
Female,51.437500716362486,45.994612221749605
Male,48.01720416139742,54.005387778250395
Unknown,0.5452951222400941,0.0
