Sex,% Cases,% Deaths
Female,51.009859663152554,46.31861804222649
Male,48.45317391431553,53.68138195777351
Unknown,0.5369664225319146,0.0
