Sex,% Cases,% Deaths
Female,50.8090026202135,46.43030892726831
Male,48.62642764184798,53.56969107273169
Unknown,0.5645697379385246,0.0
