Sex,% Cases,% Deaths
Female,52.58638147867146,45.40836869328213
Male,46.78204222588494,54.59163130671787
Unknown,0.6315762954436005,0.0
