Sex,% Cases,% Deaths
Female,51.59409822979721,45.741451656102136
Male,47.84998673924518,54.258548343897864
Unknown,0.5559150309575993,0.0
