Sex,% Cases,% Deaths
Female,51.02785787379458,46.008450077829664
Male,48.396849409905386,53.991549922170336
Unknown,0.575292716300038,0.0
