Sex,% Cases,% Deaths
Female,51.08741204630919,46.04221635883905
Male,48.340331222105874,53.95778364116095
Unknown,0.5722567315849343,0.0
