Sex,% Cases,% Deaths
Female,51.059193677195495,45.97913497065855
Male,48.36468115183727,54.02086502934145
Unknown,0.5761251709672386,0.0
