Sex,% Cases,% Deaths
Female,53.26306785470377,45.63649577905742
Male,46.13352494705884,54.36350422094258
Unknown,0.6034071982373884,0.0
