Sex,% Cases,% Deaths
Female,51.817272203189916,47.5402823328105
Male,47.96140822858203,52.45971766718951
Unknown,0.22131956822805193,0.0
