Sex,% Cases,% Deaths
Female,52.05979284369114,47.61692650334076
Male,47.75737602008788,52.383073496659236
Unknown,0.18283113622096672,0.0
