Sex,% Cases,% Deaths
Female,51.709074333179274,47.46239280191199
Male,48.04907851169033,52.53760719808801
Unknown,0.24184715513038854,0.0
