Sex,% Cases,% Deaths
Female,51.278688746793534,46.73481659651233
Male,48.31027390065298,53.26518340348767
Unknown,0.4110373525534806,0.0
