Sex,% Cases,% Deaths
Female,51.08781180471392,46.05486125820801
Male,48.33967946746739,53.945138741792
Unknown,0.5725087278186785,0.0
