Sex,% Cases,% Deaths
Female,52.16521938558751,45.32989015785262
Male,47.23704872464229,54.670109842147376
Unknown,0.5977318897701938,0.0
