Sex,% Cases,% Deaths
Female,51.47613665271117,45.94847337167438
Male,47.974930416624346,54.05152662832562
Unknown,0.5489329306644875,0.0
