Sex,% Cases,% Deaths
Female,52.592974642334575,45.41171398657388
Male,46.77515017428289,54.58828601342612
Unknown,0.6318751833825335,0.0
