Sex,% Cases,% Deaths
Female,50.8297827187097,46.44354121681697
Male,48.6187700997437,53.556458783183025
Unknown,0.5514471815465988,0.0
