Sex,% Cases,% Deaths
Female,50.85460137588097,46.45227156712608
Male,48.593494364567185,53.54772843287392
Unknown,0.5519042595518399,0.0
