Sex,% Cases,% Deaths
Female,50.92175129350734,46.486975631827285
Male,48.53962681803984,53.513024368172715
Unknown,0.5386218884528158,0.0
