Sex,% Cases,% Deaths
Female,51.12367783688241,46.108790872975455
Male,48.317531701150585,53.89120912702455
Unknown,0.5587904619670095,0.0
