Sex,% Cases,% Deaths
Female,52.60773314687758,45.41551204360669
Male,46.75314080208928,54.58448795639331
Unknown,0.639126051033145,0.0
