Sex,% Cases,% Deaths
Female,53.09545821038546,45.529445894981144
Male,46.291300989070834,54.470554105018856
Unknown,0.6132408005437145,0.0
