Sex,% Cases,% Deaths
Female,51.7382599268173,45.60103260190698
Male,47.68908503411425,54.39896739809301
Unknown,0.5726550390684568,0.0
