Sex,% Cases,% Deaths
Female,54.076653971159736,48.185454006813806
Male,45.71546033494419,51.81454599318619
Unknown,0.20788569389607264,0.0
