Sex,% Cases,% Deaths
Female,50.963513071758456,46.3769327204346
Male,48.53272759276799,53.6230672795654
Unknown,0.5037593354735421,0.0
