Sex,% Cases,% Deaths
Female,51.07803012390338,46.74409370657137
Male,48.48612637998825,53.25590629342862
Unknown,0.4358434961083661,0.0
