Sex,% Cases,% Deaths
Female,52.05848569380511,47.5583864118896
Male,47.767922686956446,52.4416135881104
Unknown,0.17359161923844235,0.0
