Sex,% Cases,% Deaths
Female,51.46686175778184,47.04461675352739
Male,48.156307219461155,52.95538324647261
Unknown,0.3768310227569971,0.0
