Sex,% Cases,% Deaths
Female,53.15547253007843,45.54375665486777
Male,46.23526860911459,54.456243345132236
Unknown,0.609258860806986,0.0
