Sex,% Cases,% Deaths
Female,52.7828925535504,45.45126353790614
Male,46.58707840637172,54.54873646209386
Unknown,0.6300290400778815,0.0
