Sex,% Cases,% Deaths
Female,50.958354337830436,46.1342001393081
Male,48.471625314762306,53.8657998606919
Unknown,0.5700203474072618,0.0
