Sex,% Cases,% Deaths
Female,52.5845268090426,45.39381263072457
Male,46.783778694857155,54.60618736927544
Unknown,0.6316944961002559,0.0
