Sex,% Cases,% Deaths
Female,52.092063349634344,47.495788022668094
Male,47.735654358652255,52.504211977331906
Unknown,0.17228229171340123,0.0
