Sex,% Cases,% Deaths
Female,53.29020326111945,45.71293751908291
Male,46.106957761566726,54.28706248091709
Unknown,0.6028389773138308,0.0
