Sex,% Cases,% Deaths
Female,51.286994613497164,46.02777368860101
Male,48.148739657893806,53.972226311398984
Unknown,0.5642657286090296,0.0
