Sex,% Cases,% Deaths
Female,51.2012008766659,46.12385665017244
Male,48.23456432557677,53.876143349827565
Unknown,0.5642347977573261,0.0
