Sex,% Cases,% Deaths
Female,51.53433959618242,45.866898571951666
Male,47.91380694387887,54.133101428048334
Unknown,0.5518534599387109,0.0
