Sex,% Cases,% Deaths
Female,51.26943181401968,46.087513550803195
Male,48.16536467190255,53.912486449196805
Unknown,0.5652035140777639,0.0
