Sex,% Cases,% Deaths
Female,50.95467671845281,46.52855913693825
Male,48.49379399391895,53.471440863061744
Unknown,0.5515292876282506,0.0
