Sex,% Cases,% Deaths
Female,50.84773947117126,46.45448758752387
Male,48.60120517633113,53.54551241247613
Unknown,0.5510553524976127,0.0
