Sex,% Cases,% Deaths
Female,51.12482985062618,46.13040828762949
Male,48.31750487817417,53.8695917123705
Unknown,0.557665271199662,0.0
