Sex,% Cases,% Deaths
Female,51.121502761044454,46.07888393086116
Male,48.31878216037025,53.92111606913884
Unknown,0.5597150785852967,0.0
