Sex,% Cases,% Deaths
Female,51.36625765769003,46.017186443950955
Male,48.09388642365665,53.982813556049045
Unknown,0.5398559186533245,0.0
