Sex,% Cases,% Deaths
Female,50.74532101262867,46.50098911968348
Male,48.69107935238003,53.49901088031652
Unknown,0.5635996349912947,0.0
