Sex,% Cases,% Deaths
Female,51.01807608120288,46.604279914676944
Male,48.41861113892902,53.39572008532306
Unknown,0.5633127798680954,0.0
