Sex,% Cases,% Deaths
Female,52.395881520429796,45.3319721185665
Male,46.99335418832701,54.6680278814335
Unknown,0.6107642912431928,0.0
