Sex,% Cases,% Deaths
Female,51.16931187874128,46.16738758676189
Male,48.2666813114394,53.8326124132381
Unknown,0.56400680981932,0.0
