Sex,% Cases,% Deaths
Female,53.06825567967296,45.52963760107033
Male,46.31819959911446,54.47036239892967
Unknown,0.613544721212583,0.0
