Sex,% Cases,% Deaths
Female,50.88461484584028,46.30203984253847
Male,48.548691702207044,53.69796015746153
Unknown,0.5666934519526728,0.0
