Sex,% Cases,% Deaths
Female,51.03469236178175,46.54419410745234
Male,48.40313707718066,53.45580589254766
Unknown,0.5621705610375878,0.0
