Sex,% Cases,% Deaths
Female,50.977811604773834,46.62349052148688
Male,48.469328428418905,53.37650947851312
Unknown,0.5528599668072601,0.0
