Sex,% Cases,% Deaths
Female,52.06338467943381,47.51481988144095
Male,47.772689425478774,52.48518011855905
Unknown,0.16392589508742714,0.0
