Sex,% Cases,% Deaths
Female,51.553774833145894,45.7760492040521
Male,47.893131841106864,54.22395079594791
Unknown,0.5530933257472431,0.0
