Sex,% Cases,% Deaths
Female,52.04535424517093,47.59673518742443
Male,47.78490681332111,52.40326481257558
Unknown,0.16973894150796076,0.0
