Sex,% Cases,% Deaths
Female,51.11925938475797,46.121669076637055
Male,48.32052186850287,53.87833092336294
Unknown,0.5602187467391634,0.0
