Sex,% Cases,% Deaths
Female,51.347427000354465,46.0065910632936
Male,48.09004469499257,53.99340893670641
Unknown,0.5625283046529586,0.0
