Sex,% Cases,% Deaths
Female,52.05881577443993,47.562461913467395
Male,47.772436038284745,52.4375380865326
Unknown,0.168748187275332,0.0
