Sex,% Cases,% Deaths
Female,51.716995237206184,45.647854576199535
Male,47.709763842565806,54.352145423800465
Unknown,0.5732409202280057,0.0
