Sex,% Cases,% Deaths
Female,50.849276182123425,46.31774803433167
Male,48.58518839504187,53.68225196566833
Unknown,0.565535422834709,0.0
