Sex,% Cases,% Deaths
Female,52.18079184327207,47.57220921155347
Male,47.64341660644178,52.42779078844653
Unknown,0.17579155028614957,0.0
