Sex,% Cases,% Deaths
Female,51.131847417392386,46.13591445801449
Male,48.3104597812755,53.86408554198551
Unknown,0.5576928013321236,0.0
