Sex,% Cases,% Deaths
Female,50.99162589869643,46.079159289508254
Male,48.43151279519214,53.920840710491746
Unknown,0.5768613061114342,0.0
