Sex,% Cases,% Deaths
Female,52.068397198187064,47.62976297629763
Male,47.7560774618871,52.37023702370237
Unknown,0.17552533992583436,0.0
