Sex,% Cases,% Deaths
Female,50.90863283070682,46.2795673362653
Male,48.524495168990846,53.7204326637347
Unknown,0.5668720003023318,0.0
