Sex,% Cases,% Deaths
Female,53.21743094737543,45.56305284645044
Male,46.178122412228056,54.43694715354955
Unknown,0.6044466403965066,0.0
