Sex,% Cases,% Deaths
Female,50.944239360350416,46.183072246902036
Male,48.48760881494677,53.816927753097964
Unknown,0.568151824702819,0.0
