Sex,% Cases,% Deaths
Female,52.57917621353001,45.34409112482202
Male,46.78906147570746,54.655908875177985
Unknown,0.6317623107625258,0.0
