Sex,% Cases,% Deaths
Female,52.90810603475767,45.453463461080695
Male,46.4683699843227,54.54653653891931
Unknown,0.623523980919631,0.0
