Sex,% Cases,% Deaths
Female,51.0670095111182,46.648071559103585
Male,48.50412211018257,53.351928440896415
Unknown,0.42886837869922434,0.0
