Sex,% Cases,% Deaths
Female,52.08961989581069,45.33397016680138
Male,47.31554086061061,54.666029833198614
Unknown,0.5948392435787009,0.0
