Sex,% Cases,% Deaths
Female,52.58290484873272,45.35356695869837
Male,46.78498119783991,54.64643304130162
Unknown,0.632113953427375,0.0
