Sex,% Cases,% Deaths
Female,51.30881473409964,46.01553720623443
Male,48.12802625003073,53.98446279376557
Unknown,0.5631590158696347,0.0
