Sex,% Cases,% Deaths
Female,50.90848556445084,46.493322149816116
Male,48.551036929249506,53.506677850183884
Unknown,0.5404775062996557,0.0
