Sex,% Cases,% Deaths
Female,51.96573438475066,47.719044170890655
Male,47.83570658648664,52.280955829109345
Unknown,0.1985590287626936,0.0
