Sex,% Cases,% Deaths
Female,50.98321938493181,46.14409952197201
Male,48.44328118350415,53.855900478028
Unknown,0.5734994315640488,0.0
