Sex,% Cases,% Deaths
Female,52.92381971866019,45.45535581637201
Male,46.45300417079378,54.54464418362799
Unknown,0.6231761105460231,0.0
