Sex,% Cases,% Deaths
Female,51.717411633764186,47.42367730349496
Male,48.03417038146217,52.57632269650504
Unknown,0.24841798477364133,0.0
