Sex,% Cases,% Deaths
Female,50.791286967715706,46.43052766112836
Male,48.64270469866865,53.56947233887165
Unknown,0.5660083336156374,0.0
