Sex,% Cases,% Deaths
Female,51.65847980675594,45.7828681762331
Male,47.77218760281798,54.2171318237669
Unknown,0.569332590426086,0.0
