Sex,% Cases,% Deaths
Female,51.63137667966765,45.76338400528751
Male,47.80141474035611,54.23661599471249
Unknown,0.5672085799762415,0.0
