Sex,% Cases,% Deaths
Female,50.73812839880028,46.51810584958218
Male,48.698125856020894,53.48189415041783
Unknown,0.5637457451788325,0.0
