Sex,% Cases,% Deaths
Female,51.02485414184403,46.51972157772622
Male,48.52097411704705,53.480278422273784
Unknown,0.4541717411089176,0.0
