Sex,% Cases,% Deaths
Female,50.94564382331869,46.53666863633379
Male,48.503975070567215,53.463331363666214
Unknown,0.5503811061140989,0.0
