Sex,% Cases,% Deaths
Female,52.520960800574024,45.38802886081095
Male,46.8460377659126,54.61197113918905
Unknown,0.6330014335133803,0.0
