Sex,% Cases,% Deaths
Female,52.04356958431229,47.66917293233083
Male,47.77959502204216,52.33082706766917
Unknown,0.17683539364554882,0.0
