Sex,% Cases,% Deaths
Female,51.104136484382565,46.0797150788247
Male,48.33337464034734,53.9202849211753
Unknown,0.5624888752700915,0.0
