Sex,% Cases,% Deaths
Female,51.18204367895402,46.168524656020885
Male,48.25340955242392,53.83147534397911
Unknown,0.5645467686220735,0.0
