Sex,% Cases,% Deaths
Female,51.71421392359359,45.44254658385093
Male,47.703577639873956,54.55745341614907
Unknown,0.5822084365324532,0.0
