Sex,% Cases,% Deaths
Female,50.929273393291595,46.52281294683478
Male,48.527240917416144,53.477187053165224
Unknown,0.5434856892922555,0.0
