Sex,% Cases,% Deaths
Female,51.02005255672453,46.05263157894737
Male,48.402694709478105,53.94736842105263
Unknown,0.5772527337973646,0.0
