Sex,% Cases,% Deaths
Female,51.73200709607762,45.54810027579961
Male,47.694560397093035,54.451899724200395
Unknown,0.5734325068293388,0.0
