Sex,% Cases,% Deaths
Female,51.83123120487906,45.348880947902956
Male,47.580082825098636,54.65111905209705
Unknown,0.5886859700223094,0.0
