Sex,% Cases,% Deaths
Female,51.02082366103707,46.33655994043187
Male,48.4361324007337,53.66344005956813
Unknown,0.5430439382292277,0.0
