Sex,% Cases,% Deaths
Female,50.96891112180896,46.53815368196371
Male,48.479742693485704,53.46184631803629
Unknown,0.5513461847053324,0.0
