Sex,% Cases,% Deaths
Female,51.09323098112291,46.687761559661126
Male,48.47889492019768,53.312238440338874
Unknown,0.42787409867941345,0.0
