Sex,% Cases,% Deaths
Female,51.728133843073756,45.57516687825054
Male,47.694602126808896,54.42483312174946
Unknown,0.5772640301173522,0.0
