Sex,% Cases,% Deaths
Female,51.80704948993752,47.67926426210663
Male,47.97498087688778,52.32073573789337
Unknown,0.21796963317470738,0.0
