Sex,% Cases,% Deaths
Female,51.04144479943202,46.555904804669964
Male,48.526579694710684,53.44409519533004
Unknown,0.431975505857295,0.0
