Sex,% Cases,% Deaths
Female,51.69147359743484,47.222597648330854
Male,48.03289383847426,52.777402351669146
Unknown,0.275632564090893,0.0
