Sex,% Cases,% Deaths
Female,50.98004088772736,46.599258510279746
Male,48.46688585860714,53.40074148972026
Unknown,0.5530732536654934,0.0
