Sex,% Cases,% Deaths
Female,51.12067122761819,46.11417483660131
Male,48.3199724238887,53.88582516339869
Unknown,0.5593563484931066,0.0
