Sex,% Cases,% Deaths
Female,51.72686800772234,47.4822150927605
Male,48.02769809803957,52.51778490723951
Unknown,0.24543389423808915,0.0
