Sex,% Cases,% Deaths
Female,52.69429131193406,45.44026107451502
Male,46.67048035558497,54.55973892548498
Unknown,0.6352283324809723,0.0
