Sex,% Cases,% Deaths
Female,51.143035839086906,46.15268024048906
Male,48.2982999692846,53.84731975951094
Unknown,0.558664191628495,0.0
