Sex,% Cases,% Deaths
Female,52.60020340599297,45.39186674395192
Male,46.75896197576815,54.60813325604808
Unknown,0.6408346182388656,0.0
