Sex,% Cases,% Deaths
Female,53.252346596782104,45.620284408044206
Male,46.1438068076405,54.379715591955794
Unknown,0.6038465955773868,0.0
