Sex,% Cases,% Deaths
Female,53.05000894744638,45.52271467335804
Male,46.33454373588851,54.47728532664197
Unknown,0.6154473166651112,0.0
