Sex,% Cases,% Deaths
Female,51.29318440093332,46.72720839721665
Male,48.28281027671758,53.27279160278334
Unknown,0.4240053223490914,0.0
