Sex,% Cases,% Deaths
Female,52.12172602223478,47.51663314250349
Male,47.71245524778595,52.48336685749651
Unknown,0.16581872997927266,0.0
