Sex,% Cases,% Deaths
Female,52.474120132738975,45.3833470733718
Male,46.90156942995436,54.6166529266282
Unknown,0.6243104373066612,0.0
