Sex,% Cases,% Deaths
Female,52.078594431535606,47.63974224486738
Male,47.74611715788186,52.36025775513262
Unknown,0.17528841058252823,0.0
