Sex,% Cases,% Deaths
Female,50.93664455561944,46.50009785374127
Male,48.5124385367235,53.49990214625873
Unknown,0.5509169076570586,0.0
