Sex,% Cases,% Deaths
Female,51.231506366596015,46.69677554878689
Male,48.353520956383164,53.303224451213104
Unknown,0.4149726770208223,0.0
