Sex,% Cases,% Deaths
Female,51.02864628788867,46.426271732131354
Male,48.42216665227401,53.57372826786864
Unknown,0.5491870598373201,0.0
