Sex,% Cases,% Deaths
Female,51.13955416113305,46.13984529045958
Male,48.30303584002567,53.86015470954042
Unknown,0.5574099988412825,0.0
