Sex,% Cases,% Deaths
Female,52.03240127015445,47.666863555818075
Male,47.78416622992262,52.333136444181925
Unknown,0.18343249992292754,0.0
