Sex,% Cases,% Deaths
Female,50.73170660364112,46.50888309106722
Male,48.70463214302429,53.49111690893279
Unknown,0.5636612533345814,0.0
