Sex,% Cases,% Deaths
Female,51.042096062329364,46.47248626493416
Male,48.48439068081019,53.527513735065845
Unknown,0.47351325686043877,0.0
