Sex,% Cases,% Deaths
Female,51.01258497099669,46.32810741879829
Male,48.44382984981693,53.67189258120171
Unknown,0.5435851791863794,0.0
