Sex,% Cases,% Deaths
Female,51.29879632301414,46.03679420686956
Male,48.13811368976462,53.96320579313044
Unknown,0.5630899872212375,0.0
