Sex,% Cases,% Deaths
Female,52.046878329426804,47.562083585705636
Male,47.78009801832517,52.43791641429437
Unknown,0.173023652248029,0.0
