Sex,% Cases,% Deaths
Female,50.91491672639593,46.49887060342046
Male,48.54489352941476,53.501129396579536
Unknown,0.5401897441893172,0.0
