Sex,% Cases,% Deaths
Female,51.04634714594775,45.97182478538411
Male,48.37893622529169,54.02817521461589
Unknown,0.5747166287605628,0.0
