Sex,% Cases,% Deaths
Female,51.122074248463136,46.08748915318258
Male,48.31901461561012,53.91251084681742
Unknown,0.5589111359267407,0.0
