Sex,% Cases,% Deaths
Female,51.04322441413771,46.405407874303464
Male,48.50926365370322,53.594592125696536
Unknown,0.44751193215907153,0.0
