Sex,% Cases,% Deaths
Female,52.65926156778309,45.44821742025301
Male,46.70289645712813,54.55178257974699
Unknown,0.6378419750887826,0.0
