Sex,% Cases,% Deaths
Female,51.0307654994914,46.50627615062761
Male,48.41502836188828,53.49372384937239
Unknown,0.5542061386203126,0.0
