Sex,% Cases,% Deaths
Female,52.32655460055404,45.31755736172049
Male,47.07240714512183,54.682442638279504
Unknown,0.6010382543241264,0.0
