Sex,% Cases,% Deaths
Female,51.526874088451954,45.881705134676274
Male,47.921421503435255,54.118294865323726
Unknown,0.5517044081127889,0.0
