Sex,% Cases,% Deaths
Female,51.25159901104115,46.743801652892564
Male,48.33744474567053,53.25619834710744
Unknown,0.41095624328831587,0.0
