Sex,% Cases,% Deaths
Female,51.574568807371435,45.724657165904816
Male,47.87264359361615,54.275342834095184
Unknown,0.5527875990124249,0.0
