Sex,% Cases,% Deaths
Female,51.07424278304799,46.494290837029354
Male,48.485333927684216,53.505709162970646
Unknown,0.4404232892677876,0.0
