Sex,% Cases,% Deaths
Female,52.590836349836245,45.42558456018805
Male,46.77722282944907,54.57441543981195
Unknown,0.631940820714686,0.0
