Sex,% Cases,% Deaths
Female,50.75136946187382,46.43054786939679
Male,48.68365325882305,53.56945213060321
Unknown,0.5649772793031295,0.0
