Sex,% Cases,% Deaths
Female,51.072939346279696,45.99967674155487
Male,48.35406599247032,54.00032325844513
Unknown,0.5729946612499814,0.0
