Sex,% Cases,% Deaths
Female,51.4635468382898,45.9792263946985
Male,47.99047067035039,54.0207736053015
Unknown,0.5459824913598177,0.0
