Sex,% Cases,% Deaths
Female,50.786023911900514,46.4520202020202
Male,48.655174002201534,53.54797979797979
Unknown,0.5588020858979511,0.0
