Sex,% Cases,% Deaths
Female,51.12326589109964,46.11446708303471
Male,48.31711659258098,53.885532916965296
Unknown,0.5596175163193783,0.0
