Sex,% Cases,% Deaths
Female,52.03684876330025,47.65925925925926
Male,47.77611349543271,52.34074074074074
Unknown,0.1870377412670449,0.0
