Sex,% Cases,% Deaths
Female,51.61522752175451,45.74562179373784
Male,47.82693594941782,54.25437820626217
Unknown,0.557836528827665,0.0
