Sex,% Cases,% Deaths
Female,51.404275710988536,46.01748769649768
Male,48.05588154754919,53.98251230350232
Unknown,0.5398427414622697,0.0
