Sex,% Cases,% Deaths
Female,51.12402961874599,46.09907279340198
Male,48.31636332686786,53.90092720659803
Unknown,0.5596070543861457,0.0
