Sex,% Cases,% Deaths
Female,52.531344543585476,45.409946236559136
Male,46.83908858468884,54.590053763440864
Unknown,0.6295668717256867,0.0
