Sex,% Cases,% Deaths
Female,51.11988972151092,46.08050301499768
Male,48.319520481492575,53.919496985002326
Unknown,0.5605897969965039,0.0
