Sex,% Cases,% Deaths
Female,51.76240774009221,47.36120630568883
Male,47.968658687041405,52.63879369431117
Unknown,0.26893357286638814,0.0
