Sex,% Cases,% Deaths
Female,50.73154795703274,46.50213514192414
Male,48.70530401437427,53.49786485807586
Unknown,0.5631480285929855,0.0
