Sex,% Cases,% Deaths
Female,53.187362532412216,45.56954795967903
Male,46.20583309354641,54.430452040320965
Unknown,0.6068043740413647,0.0
