Sex,% Cases,% Deaths
Female,50.75486385626961,46.45852464034282
Male,48.68432878023016,53.54147535965718
Unknown,0.5608073635002344,0.0
