Sex,% Cases,% Deaths
Female,51.75118351361626,47.2509526401742
Male,47.97800148948248,52.74904735982581
Unknown,0.2708149969012515,0.0
