Sex,% Cases,% Deaths
Female,51.4417605849461,47.10299086472281
Male,48.15446327640897,52.89700913527719
Unknown,0.4037761386449303,0.0
