Sex,% Cases,% Deaths
Female,51.00116699359041,46.58648260780428
Male,48.44530914688867,53.41351739219572
Unknown,0.5535238595209296,0.0
