Sex,% Cases,% Deaths
Female,51.046316575549355,46.382081303177955
Male,48.40679376649818,53.61791869682205
Unknown,0.5468896579524705,0.0
