Sex,% Cases,% Deaths
Female,50.94323678787303,46.521056761705466
Male,48.50715252688126,53.47894323829453
Unknown,0.5496106852457037,0.0
