Sex,% Cases,% Deaths
Female,52.639599688066156,45.425054571913655
Male,46.72166954162206,54.57494542808634
Unknown,0.6387307703117862,0.0
