Sex,% Cases,% Deaths
Female,51.25749233287669,46.09000642197303
Male,48.17802655552974,53.90999357802697
Unknown,0.5644811115935736,0.0
