Sex,% Cases,% Deaths
Female,51.11511141614756,46.71504596032898
Male,48.45242816668606,53.28495403967102
Unknown,0.43246041716637496,0.0
