Sex,% Cases,% Deaths
Female,51.11716920949673,46.1148997726803
Male,48.32222598826939,53.8851002273197
Unknown,0.5606048022338895,0.0
