Sex,% Cases,% Deaths
Female,52.080568060518864,47.53363228699551
Male,47.74400148512554,52.46636771300448
Unknown,0.17543045435559473,0.0
