Sex,% Cases,% Deaths
Female,51.863360470656474,47.71646736781444
Male,47.921888702449266,52.28353263218556
Unknown,0.21475082689426112,0.0
