Sex,% Cases,% Deaths
Female,52.54582231305004,45.40203327171904
Male,46.823271652928014,54.597966728280966
Unknown,0.6309060340219413,0.0
