Sex,% Cases,% Deaths
Female,51.22527376427477,46.12781206450329
Male,48.20970748708498,53.87218793549672
Unknown,0.5650187486402437,0.0
