Sex,% Cases,% Deaths
Female,51.253243029194095,46.66378751889441
Male,48.3338340115247,53.33621248110559
Unknown,0.41292295928120815,0.0
