Sex,% Cases,% Deaths
Female,50.878061480334836,46.29296921787041
Male,48.55353590798855,53.70703078212959
Unknown,0.568402611676621,0.0
