Sex,% Cases,% Deaths
Female,51.50399186763623,45.95886913328072
Male,47.94452304016822,54.04113086671928
Unknown,0.5514850921955363,0.0
