Sex,% Cases,% Deaths
Female,51.12139531495997,46.09932720456063
Male,48.31855134662685,53.90067279543938
Unknown,0.5600533384131823,0.0
