Sex,% Cases,% Deaths
Female,52.56751517649888,45.34559823799961
Male,46.80177063243182,54.65440176200039
Unknown,0.630714191069299,0.0
