Sex,% Cases,% Deaths
Female,51.03787323608407,46.37564196625092
Male,48.41634132581628,53.62435803374909
Unknown,0.5457854380996471,0.0
