Sex,% Cases,% Deaths
Female,50.82311543972633,46.391814989708195
Male,48.61113314192958,53.6081850102918
Unknown,0.5657514183440931,0.0
