Sex,% Cases,% Deaths
Female,51.698266668651705,45.638582911580826
Male,47.730903853823776,54.361417088419174
Unknown,0.5708294775245198,0.0
