Sex,% Cases,% Deaths
Female,51.00925967613645,46.459872830383226
Male,48.51628643893738,53.54012716961677
Unknown,0.4744538849261734,0.0
