Sex,% Cases,% Deaths
Female,51.6075556909622,47.17942021415513
Male,48.04655997419309,52.82057978584487
Unknown,0.3458843348447105,0.0
