Sex,% Cases,% Deaths
Female,53.30731248901813,45.72969403477878
Male,46.09077286645858,54.27030596522122
Unknown,0.6019146445232836,0.0
