Sex,% Cases,% Deaths
Female,51.53949834865661,45.761709868121876
Male,47.90779255556548,54.23829013187813
Unknown,0.5527090957779166,0.0
