Sex,% Cases,% Deaths
Female,51.03571788732973,46.369528803437476
Male,48.41822385400598,53.630471196562524
Unknown,0.5460582586642863,0.0
