Sex,% Cases,% Deaths
Female,51.47023676014753,46.901338621715425
Male,48.129341123608725,53.09866137828458
Unknown,0.4004221162437537,0.0
