Sex,% Cases,% Deaths
Female,51.1932593500614,46.122633002705136
Male,48.24205731156539,53.877366997294864
Unknown,0.5646833383732134,0.0
