Sex,% Cases,% Deaths
Female,50.999045182304044,46.21429156093967
Male,48.49378541815641,53.78570843906033
Unknown,0.5071693995395381,0.0
