Sex,% Cases,% Deaths
Female,50.803243376112604,46.47476540705047
Male,48.637542693024216,53.52523459294953
Unknown,0.5592139308631753,0.0
