Sex,% Cases,% Deaths
Female,51.063624559450936,46.722638074044106
Male,48.501576701910594,53.2773619259559
Unknown,0.4347987386384715,0.0
