Sex,% Cases,% Deaths
Female,51.008666012106595,46.009389671361504
Male,48.413955157503025,53.990610328638496
Unknown,0.5773788303903791,0.0
