Sex,% Cases,% Deaths
Female,51.41474007789804,46.01323368401009
Male,48.04527168249273,53.98676631598991
Unknown,0.539988239609229,0.0
