Sex,% Cases,% Deaths
Female,51.822358551221605,47.63678029217989
Male,47.95729747106729,52.36321970782011
Unknown,0.2203439777111016,0.0
