Sex,% Cases,% Deaths
Female,51.013646203450826,46.44829199812822
Male,48.537417451429924,53.55170800187178
Unknown,0.4489363451192444,0.0
