Sex,% Cases,% Deaths
Female,51.0067564747281,46.52548909613631
Male,48.43737239735984,53.47451090386368
Unknown,0.5558711279120624,0.0
