Sex,% Cases,% Deaths
Female,50.92571089754675,46.18537385092804
Male,48.5075474961089,53.81462614907196
Unknown,0.5667416063443437,0.0
