Sex,% Cases,% Deaths
Female,51.0552459050417,45.98292469352014
Male,48.369857232792874,54.01707530647985
Unknown,0.5748968621654218,0.0
