Sex,% Cases,% Deaths
Female,51.48825210130655,45.943431336062524
Male,47.96249549224667,54.056568663937476
Unknown,0.5492524064467807,0.0
