Sex,% Cases,% Deaths
Female,51.12294499667171,46.10326724093991
Male,48.31835141046367,53.89673275906009
Unknown,0.5587035928646145,0.0
