Sex,% Cases,% Deaths
Female,52.58192610398886,45.343083178365426
Male,46.785896442895684,54.656916821634574
Unknown,0.6321774531154505,0.0
