Sex,% Cases,% Deaths
Female,51.08667836720829,46.06009220497059
Male,48.34105191643548,53.939907795029406
Unknown,0.5722697163562248,0.0
