Sex,% Cases,% Deaths
Female,50.995753715498935,46.60682714538284
Male,48.45134465675867,53.39317285461716
Unknown,0.552901627742392,0.0
