Sex,% Cases,% Deaths
Female,51.11559154882117,46.08646070910222
Male,48.32335531119074,53.91353929089778
Unknown,0.5610531399880938,0.0
