Sex,% Cases,% Deaths
Female,51.13803183352572,46.710389339995835
Male,48.44213173043056,53.28961066000416
Unknown,0.4198364360437165,0.0
