Sex,% Cases,% Deaths
Female,51.73486860064025,47.2453641494222
Male,47.96982405638136,52.7546358505778
Unknown,0.29530734297838546,0.0
