Sex,% Cases,% Deaths
Female,51.02332778605005,46.50312785548605
Male,48.421761408426036,53.49687214451395
Unknown,0.5549108055239264,0.0
