Sex,% Cases,% Deaths
Female,50.99371384865433,46.22155261279835
Male,48.487818092005675,53.778447387201645
Unknown,0.518468059339994,0.0
