Sex,% Cases,% Deaths
Female,52.0834999600096,47.48432482030891
Male,47.74676299910244,52.51567517969108
Unknown,0.16973704088796465,0.0
