Sex,% Cases,% Deaths
Female,52.591374999213926,45.41661515638521
Male,46.77652096556588,54.58338484361479
Unknown,0.6321040352201964,0.0
