Sex,% Cases,% Deaths
Female,52.26192862135884,45.322522522522526
Male,47.13748527406133,54.677477477477474
Unknown,0.6005861045798281,0.0
