Sex,% Cases,% Deaths
Female,50.921927292204415,46.281332940135655
Male,48.51101006247258,53.718667059864345
Unknown,0.567062645323007,0.0
