Sex,% Cases,% Deaths
Female,51.02314674666896,46.33225954901059
Male,48.52503309582654,53.66774045098942
Unknown,0.45182015750450694,0.0
