Sex,% Cases,% Deaths
Female,51.27277405245469,46.678789175312865
Male,48.30618403632056,53.321210824687135
Unknown,0.4210419112247468,0.0
