Sex,% Cases,% Deaths
Female,52.536925399963685,45.39351236373305
Male,46.83157536202672,54.606487636266955
Unknown,0.6314992380095921,0.0
