Sex,% Cases,% Deaths
Female,51.48705577359306,46.801968019680196
Male,48.11111511179923,53.198031980319804
Unknown,0.40182911460771253,0.0
