Sex,% Cases,% Deaths
Female,52.583557280732286,45.421560789619335
Male,46.77223692677391,54.57843921038067
Unknown,0.6442057924938077,0.0
