Sex,% Cases,% Deaths
Female,51.01396896423142,46.20588475018339
Male,48.47914899545568,53.79411524981661
Unknown,0.5068820403128982,0.0
