Sex,% Cases,% Deaths
Female,51.01876185388484,46.5872080936872
Male,48.419601530204325,53.4127919063128
Unknown,0.5616366159108265,0.0
