Sex,% Cases,% Deaths
Female,51.1579596485916,46.1251449604195
Male,48.283384851197106,53.874855039580495
Unknown,0.5586555002112842,0.0
