Sex,% Cases,% Deaths
Female,51.081366213899514,46.024096385542165
Male,48.3456643035465,53.975903614457835
Unknown,0.5729694825539887,0.0
