Sex,% Cases,% Deaths
Female,51.377758642241076,46.023273706482016
Male,48.084252798076214,53.976726293517984
Unknown,0.5379885596827028,0.0
