Sex,% Cases,% Deaths
Female,51.69373177121953,47.54373687893632
Male,48.06033417371101,52.456263121063685
Unknown,0.24593405506945473,0.0
