Sex,% Cases,% Deaths
Female,50.978107969385846,46.541893070369625
Male,48.46885417633796,53.458106929630375
Unknown,0.5530378542761896,0.0
