Sex,% Cases,% Deaths
Female,52.6222305990048,45.41616038882139
Male,46.736658512060174,54.58383961117862
Unknown,0.641110888935025,0.0
