Sex,% Cases,% Deaths
Female,53.329313143044324,45.736412969376346
Male,46.070205217783815,54.26358703062365
Unknown,0.6004816391718565,0.0
