Sex,% Cases,% Deaths
Female,50.73683248284902,46.51697972384625
Male,48.70142029160726,53.483020276153745
Unknown,0.5617472255437227,0.0
