Sex,% Cases,% Deaths
Female,51.03692182350109,46.39257486766732
Male,48.416657408436095,53.60742513233268
Unknown,0.5464207680628078,0.0
