Sex,% Cases,% Deaths
Female,53.200520935333515,45.56652348305977
Male,46.19408757980494,54.43347651694024
Unknown,0.6053914848615408,0.0
