Sex,% Cases,% Deaths
Female,51.5647441227606,45.7501014564639
Male,47.88203154802609,54.249898543536105
Unknown,0.5532243292133034,0.0
