Sex,% Cases,% Deaths
Female,51.66795591979566,45.7596942984932
Male,47.76474547529331,54.2403057015068
Unknown,0.5672986049110333,0.0
