Sex,% Cases,% Deaths
Female,51.03038334122101,46.33783984549101
Male,48.430477993374346,53.66216015450899
Unknown,0.539138665404638,0.0
