Sex,% Cases,% Deaths
Female,52.58485295322753,45.399232425348686
Male,46.784104954509594,54.60076757465131
Unknown,0.6310420922628731,0.0
