Sex,% Cases,% Deaths
Female,52.05341927210758,47.61689291101055
Male,47.77785276798218,52.38310708898945
Unknown,0.16872795991023673,0.0
