Sex,% Cases,% Deaths
Female,52.17625881637418,47.59299781181619
Male,47.654035177210346,52.4070021881838
Unknown,0.16970600641547562,0.0
