Sex,% Cases,% Deaths
Female,52.04618162237497,47.61833879130693
Male,47.770105476544934,52.38166120869307
Unknown,0.18371290108010516,0.0
