Sex,% Cases,% Deaths
Female,51.096481719684164,46.734311890454144
Male,48.47041763620509,53.26568810954586
Unknown,0.43310064411074656,0.0
