Sex,% Cases,% Deaths
Female,51.393408004158516,46.03677564933506
Male,48.068564317689344,53.96322435066494
Unknown,0.5380276781521383,0.0
