Sex,% Cases,% Deaths
Female,53.32025133796711,45.73751642575559
Male,46.0786273031839,54.26248357424441
Unknown,0.6011213588489942,0.0
