Sex,% Cases,% Deaths
Female,50.9869598478415,46.582516449577014
Male,48.46051809689577,53.417483550422986
Unknown,0.5525220552627331,0.0
