Sex,% Cases,% Deaths
Female,50.78942566561773,46.45360954967473
Male,48.651317790248385,53.54639045032526
Unknown,0.5592565441338886,0.0
