Sex,% Cases,% Deaths
Female,52.530593475399414,45.435258461020375
Male,46.83985233675101,54.564741538979625
Unknown,0.6295541878495786,0.0
