Sex,% Cases,% Deaths
Female,51.08560234974839,46.02895773448313
Male,48.34237765789214,53.97104226551688
Unknown,0.5720199923594634,0.0
