Sex,% Cases,% Deaths
Female,51.62841224897583,47.20779220779221
Male,48.02605459598362,52.79220779220779
Unknown,0.34553315504055215,0.0
