Sex,% Cases,% Deaths
Female,50.87645764411778,46.464646464646464
Male,48.57832399409873,53.535353535353536
Unknown,0.545218361783486,0.0
