Sex,% Cases,% Deaths
Female,51.12580322654958,46.101781170483456
Male,48.315376993668124,53.898218829516544
Unknown,0.5588197797822874,0.0
