Sex,% Cases,% Deaths
Female,51.92997420175763,47.71610291991905
Male,47.853292596813326,52.28389708008094
Unknown,0.21673320142904084,0.0
