Sex,% Cases,% Deaths
Female,51.04181773322007,46.349533122564516
Male,48.418768728328814,53.65046687743549
Unknown,0.5394135384511072,0.0
