Sex,% Cases,% Deaths
Female,50.928678260009455,46.51978943263794
Male,48.53070837404987,53.480210567362064
Unknown,0.5406133659406758,0.0
