Sex,% Cases,% Deaths
Female,51.05663771369684,46.01082736370099
Male,48.3667948694356,53.98917263629901
Unknown,0.5765674168675585,0.0
