Sex,% Cases,% Deaths
Female,53.23171773078003,45.56911947552843
Male,46.16430306449433,54.43088052447157
Unknown,0.6039792047256395,0.0
