Sex,% Cases,% Deaths
Female,51.762326707644824,47.286610308153804
Male,47.962002075516885,52.71338969184619
Unknown,0.275671216838296,0.0
