Sex,% Cases,% Deaths
Female,50.75604894046497,46.484375
Male,48.682462581811855,53.515625
Unknown,0.5614884777231799,0.0
