Sex,% Cases,% Deaths
Female,51.33810402811844,46.0167969318899
Male,48.1002351632235,53.9832030681101
Unknown,0.5616608086580525,0.0
