Sex,% Cases,% Deaths
Female,52.828486752760675,45.4417363671793
Male,46.54373937326377,54.558263632820704
Unknown,0.6277738739755554,0.0
