Sex,% Cases,% Deaths
Female,50.79408710524709,46.44961043896877
Male,48.64683699352835,53.55038956103123
Unknown,0.559075901224566,0.0
