Sex,% Cases,% Deaths
Female,51.124669395712374,46.106172212344426
Male,48.317411415936526,53.89382778765558
Unknown,0.5579191883511034,0.0
