Sex,% Cases,% Deaths
Female,50.947336006726154,46.547869542346135
Male,48.50201196452853,53.452130457653865
Unknown,0.5506520287453162,0.0
