Sex,% Cases,% Deaths
Female,52.0849175051725,47.465648854961835
Male,47.74797078639764,52.53435114503817
Unknown,0.1671117084298573,0.0
