Sex,% Cases,% Deaths
Female,50.82519399610871,46.45624285532834
Male,48.617747273985195,53.543757144671666
Unknown,0.5570587299060958,0.0
