Sex,% Cases,% Deaths
Female,52.17922606924643,47.570093457943926
Male,47.64523324604791,52.429906542056074
Unknown,0.17554068470565415,0.0
