Sex,% Cases,% Deaths
Female,51.720767812444535,45.48072308430651
Male,47.70058357513122,54.519276915693496
Unknown,0.5786486124242457,0.0
