Sex,% Cases,% Deaths
Female,51.18895681891624,46.15153186581758
Male,48.247111523115976,53.84846813418241
Unknown,0.5639316579677788,0.0
