Sex,% Cases,% Deaths
Female,51.06140312706836,46.005315398383686
Male,48.365812490409695,53.994684601616314
Unknown,0.5727843825219461,0.0
