Sex,% Cases,% Deaths
Female,51.96969369913873,47.722973956059946
Male,47.83531561868169,52.277026043940054
Unknown,0.1949906821795785,0.0
