Sex,% Cases,% Deaths
Female,51.025063079004404,46.008391608391605
Male,48.39774647623595,53.991608391608395
Unknown,0.5771904447596444,0.0
