Sex,% Cases,% Deaths
Female,51.135041816156125,46.15462456992512
Male,48.30789270885494,53.84537543007488
Unknown,0.5570654749889312,0.0
