Sex,% Cases,% Deaths
Female,52.1078503033404,47.502689411403104
Male,47.72586068269863,52.49731058859689
Unknown,0.16628901396096776,0.0
