Sex,% Cases,% Deaths
Female,50.93928087947172,46.51193200392285
Male,48.5114793351326,53.48806799607715
Unknown,0.5492397853956917,0.0
