Sex,% Cases,% Deaths
Female,51.08433598183883,46.0291215531495
Male,48.34324631101022,53.9708784468505
Unknown,0.5724177071509648,0.0
