Sex,% Cases,% Deaths
Female,52.06053532995847,47.73596001176125
Male,47.743944951347416,52.26403998823875
Unknown,0.19551971869411017,0.0
