Sex,% Cases,% Deaths
Female,50.83354899577739,46.446974998409566
Male,48.61479193214986,53.553025001590434
Unknown,0.5516590720727509,0.0
