Sex,% Cases,% Deaths
Female,51.24402495127529,46.12792944557301
Male,48.192088903443214,53.872070554427
Unknown,0.5638861452814942,0.0
