Sex,% Cases,% Deaths
Female,51.47004706814191,46.744917715392056
Male,48.1241084915414,53.25508228460794
Unknown,0.4058444403166849,0.0
