Sex,% Cases,% Deaths
Female,52.49938339306986,45.39155490001029
Male,46.86952597358299,54.60844509998971
Unknown,0.6310906333471523,0.0
