Sex,% Cases,% Deaths
Female,52.21928481981355,47.553324968632374
Male,47.627661054682065,52.446675031367626
Unknown,0.1530541255043829,0.0
