Sex,% Cases,% Deaths
Female,51.22225232786365,46.750623737673756
Male,48.36173910744851,53.249376262326244
Unknown,0.4160085646878449,0.0
