Sex,% Cases,% Deaths
Female,52.4588509083766,45.386292080406875
Male,46.92112306395331,54.613707919593125
Unknown,0.620026027670087,0.0
