Sex,% Cases,% Deaths
Female,51.11338102397792,46.077411299552594
Male,48.325658330917335,53.922588700447406
Unknown,0.5609606451047419,0.0
