Sex,% Cases,% Deaths
Female,53.132106893089826,45.530822905253444
Male,46.25764580317972,54.469177094746556
Unknown,0.6102473037304559,0.0
