Sex,% Cases,% Deaths
Female,52.58063134658266,45.34557269486767
Male,46.78637717863042,54.65442730513232
Unknown,0.6329914747869183,0.0
