Sex,% Cases,% Deaths
Female,51.61038388767392,45.73032206334358
Male,47.8324607509381,54.26967793665642
Unknown,0.5571553613879933,0.0
