Sex,% Cases,% Deaths
Female,52.9851656380629,45.47113177564593
Male,46.39395662685571,54.52886822435406
Unknown,0.6208777350813842,0.0
