Sex,% Cases,% Deaths
Female,52.94456027431577,45.47202745480903
Male,46.433139507912294,54.52797254519097
Unknown,0.6223002177719399,0.0
