Sex,% Cases,% Deaths
Female,50.97003011766077,46.33679833679834
Male,48.52231974673691,53.66320166320166
Unknown,0.507650135602322,0.0
