Sex,% Cases,% Deaths
Female,52.96236016054904,45.45937804553912
Male,46.41638525436169,54.54062195446089
Unknown,0.6212545850892743,0.0
