Sex,% Cases,% Deaths
Female,51.02101904697063,46.02444768419872
Male,48.40144431114669,53.97555231580128
Unknown,0.5775366418826755,0.0
