Sex,% Cases,% Deaths
Female,50.84260881053696,46.38066465256798
Male,48.592817778568445,53.61933534743203
Unknown,0.5645734108945925,0.0
