Sex,% Cases,% Deaths
Female,50.97084408990249,46.535843011613935
Male,48.476485280468985,53.46415698838606
Unknown,0.5526706296285292,0.0
