Sex,% Cases,% Deaths
Female,50.72301356499405,46.519066733567485
Male,48.713270478695485,53.480933266432515
Unknown,0.5637159563104699,0.0
