Sex,% Cases,% Deaths
Female,50.71776347750926,46.523863209319806
Male,48.721174903795024,53.476136790680194
Unknown,0.5610616186957195,0.0
