Sex,% Cases,% Deaths
Female,52.569391594946424,45.31345198011864
Male,46.800185311969564,54.68654801988136
Unknown,0.6304230930840045,0.0
