Sex,% Cases,% Deaths
Female,52.5950041326551,45.409193854440836
Male,46.76331511627515,54.59080614555916
Unknown,0.6416807510697486,0.0
