Sex,% Cases,% Deaths
Female,52.366153138813964,45.34962179054654
Male,47.03088011034502,54.650378209453464
Unknown,0.6029667508410123,0.0
