Sex,% Cases,% Deaths
Female,51.424101331008664,46.01765711030947
Male,48.03235294966645,53.98234288969053
Unknown,0.5435457193248833,0.0
