Sex,% Cases,% Deaths
Female,51.12013873241884,46.08508014796547
Male,48.31948363201831,53.91491985203453
Unknown,0.5603776355628494,0.0
