Sex,% Cases,% Deaths
Female,52.59648459502998,45.40401881145789
Male,46.7621206720647,54.59598118854211
Unknown,0.6413947329053199,0.0
