Sex,% Cases,% Deaths
Female,52.55374036068363,45.3732998467008
Male,46.81436260606455,54.62670015329919
Unknown,0.6318970332518173,0.0
