Sex,% Cases,% Deaths
Female,51.1247587727385,46.134701340918326
Male,48.31752715098732,53.865298659081674
Unknown,0.5577140762741883,0.0
