Sex,% Cases,% Deaths
Female,51.213198985289274,46.11355018958292
Male,48.22027571041584,53.88644981041708
Unknown,0.5665253042948771,0.0
