Sex,% Cases,% Deaths
Female,52.185533984329766,47.47631619816742
Male,47.64560577405535,52.52368380183259
Unknown,0.16886024161488286,0.0
