Sex,% Cases,% Deaths
Female,52.85650006234335,45.44038812853763
Male,46.517626904860435,54.559611871462366
Unknown,0.6258730327962168,0.0
