Sex,% Cases,% Deaths
Female,51.30555269489668,46.73698852440014
Male,48.285633147026424,53.26301147559987
Unknown,0.40881415807688826,0.0
