Sex,% Cases,% Deaths
Female,51.016522731102285,46.294595008421375
Male,48.44214526290917,53.70540499157862
Unknown,0.5413320059885459,0.0
