Sex,% Cases,% Deaths
Female,50.8850229833815,46.46923372137648
Male,48.56881907328468,53.53076627862351
Unknown,0.5461579433338175,0.0
