Sex,% Cases,% Deaths
Female,51.79137105008247,47.54749078537
Male,47.97693536141582,52.45250921462999
Unknown,0.23169358850171481,0.0
