Sex,% Cases,% Deaths
Female,52.14959306356186,47.49806351665376
Male,47.697508998186116,52.50193648334624
Unknown,0.1528979382520252,0.0
