Sex,% Cases,% Deaths
Female,51.692681551601595,45.771829409992684
Male,47.73442184217945,54.228170590007316
Unknown,0.5728966062189539,0.0
