Sex,% Cases,% Deaths
Female,50.85676210555627,46.4632277834525
Male,48.591787415591774,53.536772216547504
Unknown,0.5514504788519488,0.0
