Sex,% Cases,% Deaths
Female,50.88869117897913,46.494937844418814
Male,48.56729067927848,53.505062155581186
Unknown,0.5440181417423967,0.0
