Sex,% Cases,% Deaths
Female,51.33811708909488,46.72950913898149
Male,48.256906162421856,53.2704908610185
Unknown,0.40497674848326193,0.0
