Sex,% Cases,% Deaths
Female,52.043541599223055,47.63185417600478
Male,47.778407251537715,52.368145823995214
Unknown,0.178051149239236,0.0
