Sex,% Cases,% Deaths
Female,50.77186963979416,46.451494590133876
Male,48.66458208518333,53.54850540986613
Unknown,0.5635482750225008,0.0
