Sex,% Cases,% Deaths
Female,50.97303095311063,46.425215682924744
Male,48.53832533115401,53.574784317075256
Unknown,0.48864371573534915,0.0
