Sex,% Cases,% Deaths
Female,50.73526677129745,46.52236292183894
Male,48.704933762765826,53.47763707816107
Unknown,0.5597994659367306,0.0
