Sex,% Cases,% Deaths
Female,50.89429830301444,46.48717948717949
Male,48.56157235426964,53.51282051282051
Unknown,0.5441293427159152,0.0
