Sex,% Cases,% Deaths
Female,51.51927268153109,45.92175678169404
Male,47.92725356882098,54.078243218305964
Unknown,0.5534737496479262,0.0
