Sex,% Cases,% Deaths
Female,51.12688908471744,46.13862390907246
Male,48.315334604357446,53.861376090927536
Unknown,0.5577763109251112,0.0
