Sex,% Cases,% Deaths
Female,51.748627164358666,47.46218012158914
Male,48.015290381418694,52.537819878410865
Unknown,0.23608245422264193,0.0
