Sex,% Cases,% Deaths
Female,51.01626237769432,46.4665086471776
Male,48.51554854192232,53.5334913528224
Unknown,0.46818908038335705,0.0
