Sex,% Cases,% Deaths
Female,51.71508717111103,45.46131827628122
Male,47.7035116997479,54.538681723718774
Unknown,0.5814011291410716,0.0
