Sex,% Cases,% Deaths
Female,50.95309510445033,46.534587861118474
Male,48.494632812051975,53.46541213888153
Unknown,0.5522720834977,0.0
