Sex,% Cases,% Deaths
Female,52.59363835732304,45.41586310343772
Male,46.76361772728564,54.584136896562285
Unknown,0.642743915391318,0.0
