Sex,% Cases,% Deaths
Female,52.558172719713035,45.33917559234015
Male,46.81018151758344,54.660824407659845
Unknown,0.6316457627035246,0.0
