Sex,% Cases,% Deaths
Female,51.32601400322869,46.04256977253909
Male,48.11186307230797,53.95743022746091
Unknown,0.5621229244633333,0.0
