Sex,% Cases,% Deaths
Female,52.11224370028621,47.483118477593614
Male,47.70989264980724,52.516881522406386
Unknown,0.17786364990655387,0.0
