Sex,% Cases,% Deaths
Female,51.01940917320814,46.22149583625185
Male,48.46552920615636,53.77850416374815
Unknown,0.5150616206354917,0.0
