Sex,% Cases,% Deaths
Female,52.05137601870757,47.48059065306744
Male,47.77585815751357,52.51940934693257
Unknown,0.17276582377885974,0.0
