Sex,% Cases,% Deaths
Female,51.01058693150031,46.60935350756534
Male,48.43138093354572,53.39064649243467
Unknown,0.5580321349539783,0.0
