Sex,% Cases,% Deaths
Female,51.9716621253406,47.7183262866307
Male,47.83360581289737,52.281673713369294
Unknown,0.1947320617620345,0.0
