Sex,% Cases,% Deaths
Female,50.78000742337731,46.46821392532795
Male,48.66134394718346,53.53178607467205
Unknown,0.5586486294392191,0.0
