Sex,% Cases,% Deaths
Female,53.27423717984765,45.6777749937359
Male,46.12287676788947,54.32222500626409
Unknown,0.6028860522628865,0.0
