Sex,% Cases,% Deaths
Female,51.03169891534024,46.5216785166597
Male,48.414152003940934,53.47832148334031
Unknown,0.554149080718824,0.0
