Sex,% Cases,% Deaths
Female,51.26004074879482,46.74760525729561
Male,48.33904368922329,53.25239474270439
Unknown,0.40091556198188877,0.0
