Sex,% Cases,% Deaths
Female,51.111431091272344,46.070644790469224
Male,48.32610378156554,53.92935520953077
Unknown,0.5624651271621159,0.0
