Sex,% Cases,% Deaths
Female,51.00047330128837,46.06965741321325
Male,48.42110019954763,53.93034258678675
Unknown,0.578426499163993,0.0
