Sex,% Cases,% Deaths
Female,50.98664012280534,46.1348353353641
Male,48.43782979948191,53.8651646646359
Unknown,0.5755300777127506,0.0
