Sex,% Cases,% Deaths
Female,50.74836163367317,46.46091295509148
Male,48.68775197480393,53.53908704490852
Unknown,0.5638863915229032,0.0
