Sex,% Cases,% Deaths
Female,51.1009449561359,46.03858892802692
Male,48.33657041152625,53.96141107197309
Unknown,0.5624846323378472,0.0
