Sex,% Cases,% Deaths
Female,53.242269497942175,45.59018100948681
Male,46.153706605561474,54.409818990513195
Unknown,0.604023896496355,0.0
