Sex,% Cases,% Deaths
Female,50.73187434017177,46.538917670557396
Male,48.709176999908394,53.46108232944261
Unknown,0.558948659919837,0.0
