Sex,% Cases,% Deaths
Female,51.23722157204666,46.13820129966764
Male,48.198116874427846,53.86179870033235
Unknown,0.5646615535254974,0.0
