Sex,% Cases,% Deaths
Female,50.94775397900734,46.52116402116402
Male,48.50109329572349,53.47883597883598
Unknown,0.5511527252691656,0.0
