Sex,% Cases,% Deaths
Female,53.00827306591776,45.47934757099272
Male,46.37374515898346,54.52065242900728
Unknown,0.6179817750987754,0.0
