Sex,% Cases,% Deaths
Female,51.0389760949709,45.97827884668394
Male,48.38612070764451,54.02172115331606
Unknown,0.5749031973845904,0.0
