Sex,% Cases,% Deaths
Female,52.079244413729555,47.4884437596302
Male,47.750287952084776,52.51155624036979
Unknown,0.1704676341856715,0.0
