Sex,% Cases,% Deaths
Female,51.03948761653883,46.40636297903109
Male,48.416326319789555,53.59363702096891
Unknown,0.5441860636716142,0.0
