Sex,% Cases,% Deaths
Female,50.8990686501749,46.485581874356335
Male,48.558641324961016,53.51441812564367
Unknown,0.5422900248640904,0.0
