Sex,% Cases,% Deaths
Female,51.283290813409266,46.06796832734963
Male,48.15001944064988,53.93203167265037
Unknown,0.5666897459408546,0.0
