Sex,% Cases,% Deaths
Female,51.1670314444317,46.161585672602875
Male,48.27124021498354,53.838414327397125
Unknown,0.5617283405847623,0.0
