Sex,% Cases,% Deaths
Female,51.45257664165796,45.977119721293725
Male,48.002493921540015,54.022880278706275
Unknown,0.5449294368020193,0.0
