Sex,% Cases,% Deaths
Female,52.8822904002907,45.44450414950146
Male,46.49271240349374,54.55549585049854
Unknown,0.6249971962155639,0.0
