Race,% Cases,% Deaths
American Indian/Alaska Native,0.49485442652054706,0.3917967554331191
Asian/Pacific Islander,1.5342008149404833,0.9978573614937252
Black,11.577574895297985,21.763085399449036
Multiple,3.587037828226474,1.5365779002142639
Other,5.440356837190267,2.6140189776553413
Unknown,19.859853465571046,5.185185185185185
White,57.5061217322532,67.51147842056933
