Race,% Cases,% Deaths
American Indian/Alaska Native,0.5580425691718333,1.1044426293547356
Asian,1.5208707335919982,1.051173692247594
Black/African American,11.929827024352065,19.208778720835255
Caucasian,2.2147387582792404,1.2642494406761604
Multiple Races,5.957660128677364,2.8125998792570757
Other,0.0,0.0
Refused,21.829759579584536,2.322525657871373
Unknown,55.98910120634296,72.23622997975781
