Race,% Cases,% Deaths
American Indian/Alaska Native,0.5063393963188856,0.20117833021985917
Asian/Pacific Islander,1.9745882607783274,1.1783302198591752
Black,18.790065458582387,37.088662164104036
Multiple,6.402350281262057,1.250179623509125
Other,6.358350200031139,2.011783302198592
Unknown,12.672023394504727,2.38540020117833
White,53.29628300852248,55.88446615893088
