Race,% Cases,% Deaths
American Indian/Alaska Native,0.5185651014430369,0.4675297986025483
Asian/Pacific Islander,1.4957229028435886,1.032675709001233
Black,12.343889596974252,21.614262227702426
Multiple,3.2581268208910217,1.4180024660912454
Other,5.308174070175556,2.620221948212084
Unknown,19.92361645911732,5.091450883682697
White,57.15190504855523,67.75585696670777
