Race,% Cases,% Deaths
American Indian/Alaska Native,0.5001957837032172,0.37641154328732745
Asian/Pacific Islander,1.5512926235557567,0.9270876899484177
Black,11.642002731949555,22.926251219852222
Multiple,4.035670527605502,1.491705004879409
Other,5.6766447184413815,2.558204377526837
Unknown,19.118594399322966,5.144291091593475
White,57.475599215421624,66.57604907291231
