Race,% Cases,% Deaths
American Indian/Alaska Native,0.5081357873578062,0.20638414969730323
Asian/Pacific Islander,1.8725224871141255,1.1832691249312053
Black,16.766235078775086,35.75949367088608
Multiple,6.021830187196101,1.2520638414969731
Other,6.100436828334326,2.0363236103467255
Unknown,13.328878957002166,2.5591634562465604
White,55.40196067422038,57.00330214639515
