Race,% Cases,% Deaths
American Indian/Alaska Native,0.5192904075646287,0.4646650326797386
Asian/Pacific Islander,1.495757822651134,1.0263480392156863
Black,12.364595585807704,21.619689542483663
Multiple,3.259330719720837,1.4246323529411764
Other,5.308065676806632,2.6348039215686274
Unknown,19.840698714196662,5.014297385620916
White,57.2122610732524,67.8155637254902
