Race,% Cases,% Deaths
American Indian/Alaska Native,0.5008828968453451,0.37865507327676884
Asian/Pacific Islander,1.5411223043516924,0.9326134212187084
Black,11.642442203376605,22.985765374097188
Multiple,4.028114774775101,1.4655353762008274
Other,5.684657920573765,2.58747633405792
Unknown,19.234266197482157,5.231049716008695
White,57.36851370259534,66.4189047051399
