Race,% Cases,% Deaths
American Indian/Alaska Native,0.5031122759395329,0.3975649148962604
Asian/Pacific Islander,1.5546754340805915,0.993912287240651
Black,11.578602517901437,21.866070319294323
Multiple,3.727272195441569,1.5591999006087713
Other,5.5076168858520145,2.633867561187725
Unknown,19.121484064211167,5.155919990060877
White,58.007236626573686,67.3934650267114
