Race,% Cases,% Deaths
American Indian/Alaska Native,0.49803663209268145,0.41612038989910505
Asian/Pacific Islander,1.4866179412107474,1.003249159208801
Black,11.957754887014183,21.461551616029183
Multiple,3.2859952765007097,1.4706720629310837
Other,5.319525937624123,2.616428204982044
Unknown,20.672920268949294,5.369663113492561
White,56.77914905660826,67.66231545345723
