Race,% Cases,% Deaths
American Indian/Alaska Native,0.50698367714985,0.4374692404440313
Asian/Pacific Islander,1.4977181133950423,1.0280527150434735
Black,12.161512485968236,21.41411931973533
Multiple,3.2511133398354835,1.4491168589708536
Other,5.300325720910546,2.5974736151364355
Unknown,20.32385767652417,5.3097829058894295
White,56.95848898621667,67.76398534478044
