Race,% Cases,% Deaths
American Indian/Alaska Native,0.5638162103586489,1.115125309361932
Asian,1.9785587455772722,1.0667652831906238
Black/African American,11.784040317000247,18.957130259152848
Caucasian,1.7392663167652398,1.0752994054561489
Multiple Races,5.867458514485658,2.4265354308309393
Other,0.0,0.0
Refused,21.79103344953194,1.1976218245953403
Unknown,56.275826446280995,74.16152248741217
