Race,% Cases,% Deaths
American Indian/Alaska Native,0.5633992677118737,1.0858373116165871
Asian,1.64413279716899,1.0577553121782273
Black/African American,11.371946799282162,19.198726949358793
Caucasian,1.936912277196901,1.2044057536896626
Multiple Races,6.087320825310345,2.76763705575837
Other,0.0,0.0
Refused,22.783121587855906,2.3776092857811477
Unknown,55.61316644547383,72.30802833161721
