Race,% Cases,% Deaths
American Indian/Alaska Native,0.4432158488827459,0.18489984591679506
Asian/Pacific Islander,1.9230592029486293,1.1710323574730355
Black,22.961529601474314,38.674884437596305
Multiple,6.93204330799355,1.2942989214175655
Other,6.641787606542271,1.864406779661017
Unknown,13.850264915917993,2.465331278890601
White,47.2480995162405,54.345146379044685
