Race,% Cases,% Deaths
American Indian/Alaska Native,0.5111788093148139,0.19339687802182623
Asian/Pacific Islander,1.8926811357234241,1.1603812681309573
Black,17.0272456584224,35.88893493576461
Multiple,6.051530954716786,1.2570797071418705
Other,6.095706901200783,2.0306672192291755
Unknown,13.102470984435149,2.555601602431275
White,55.319185556186646,56.91393838928028
