Race,% Cases,% Deaths
American Indian/Alaska Native,0.5000886874617648,0.37656903765690375
Asian/Pacific Islander,1.5489536689459948,0.9274755927475592
Black,11.643577760804485,22.92887029288703
Multiple,4.031478619081922,1.4853556485355648
Other,5.680884413088098,2.573221757322176
Unknown,19.153595824087517,5.174337517433751
White,57.44142102653023,66.53417015341702
