Race,% Cases,% Deaths
American Indian/Alaska Native,0.4821461330110393,0.3052236853579838
Asian/Pacific Islander,1.4829123007694052,0.9592744396965204
Black,11.60107479308075,25.71727566059126
Multiple,4.076228296409803,1.613325194035057
Other,5.766761268601151,2.5115548966599808
Unknown,20.432291273241322,5.214964681259265
White,56.15858593488653,63.67838144239993
