Race,% Cases,% Deaths
American Indian/Alaska Native,0.4425604521581487,0.1835142988224499
Asian/Pacific Islander,1.9070978520710584,1.2234286588163328
Black,22.511930470020527,38.476831319773666
Multiple,6.8570209816310745,1.2846000917571494
Other,6.632186053125028,1.9116072794005199
Unknown,13.709598585228433,2.3856858846918487
White,47.93960560576573,54.534332466738036
