Race,% Cases,% Deaths
American Indian/Alaska Native,0.47884766125214395,0.2074074074074074
Asian/Pacific Islander,1.9642843284103346,1.1851851851851851
Black,20.546988381929516,37.79259259259259
Multiple,6.665838837106425,1.274074074074074
Other,6.48733808817937,2.0
Unknown,12.716238135520875,2.340740740740741
White,51.14046456760134,55.2
