Race,% Cases,% Deaths
American Indian/Alaska Native,0.4433048330158272,0.1841620626151013
Asian/Pacific Islander,1.905037062450907,1.1663597298956414
Black,22.706958351014364,38.64333947206875
Multiple,6.875287786996993,1.3044812768569674
Other,6.627000966061448,1.8723143032535299
Unknown,13.943787863740193,2.409453652547575
White,47.49862313672026,54.41988950276243
