Race,% Cases,% Deaths
American Indian/Alaska Native,0.5619595271606426,1.0902677569344237
Asian,1.6370040186839911,1.067821067821068
Black/African American,11.403983032005492,19.262465929132595
Caucasian,1.9443554777219165,1.2185345518678852
Multiple Races,6.103835428866942,2.7930094596761266
Other,0.0,0.0
Refused,22.83965127656636,2.347282347282347
Unknown,55.50921123899465,72.22061888728555
