Race,% Cases,% Deaths
American Indian/Alaska Native,0.5558737387725536,1.112970102567833
Asian,1.4429156332674549,1.036589801411217
Black/African American,11.90901993024477,19.324216192623844
Caucasian,56.62649620958151,72.17938459300211
Multiple Races,2.3369756608637564,1.2802793336728013
Other,5.769845337891778,2.800611042409253
Refused,0.0,0.0
Unknown,21.35887348937818,2.265948934312941
