Race,% Cases,% Deaths
American Indian/Alaska Native,0.4743548345616076,0.23390510135887724
Asian/Pacific Islander,1.5290799516500977,1.0581421251949208
Black,11.817436254997157,30.28514145689463
Multiple,4.373780179397569,1.4034306081532635
Other,5.9097182732341,2.28335932278904
Unknown,20.456695118431544,3.865003341501448
White,55.43893538772793,60.871018044107814
