Race,% Cases,% Deaths
American Indian/Alaska Native,0.5334140960793561,1.0461100954702418
Asian/Pacific Islander,1.4986555684944824,1.0562665041641277
Black,12.396820749171326,21.775340239691246
Multiple,3.2584862349435966,1.426975421490961
Other,5.318271528226356,2.635588056063376
Unknown,19.669044101376617,4.418037781840342
White,57.32530772170826,67.64168190127971
