Race,% Cases,% Deaths
American Indian/Alaska Native,0.48104866134916224,0.30345943758850896
Asian/Pacific Islander,1.4814814814814816,1.0014161440420797
Black,11.540468682371854,28.23184301031762
Multiple,4.138255116552279,1.5779890754602468
Other,5.841835157361034,2.3568682986040868
Unknown,20.9106535583998,4.450738417964799
White,55.60625734248439,62.07768561602266
