Race,% Cases,% Deaths
American Indian/Alaska Native,0.48965730401203494,0.3832794346628339
Asian/Pacific Islander,1.5012908330971402,1.0240747394897591
Black,11.636222328526962,21.62534435261708
Multiple,3.410543919746476,1.5271289974847286
Other,5.384563098204633,2.599113666307342
Unknown,20.692445708701356,5.288058450113786
White,56.88527680771139,67.55300035932447
