Race,% Cases,% Deaths
American Indian/Alaska Native,0.4446094583932798,0.1855574454925004
Asian/Pacific Islander,1.9185965563651552,1.190660275243544
Black,23.055645797558824,38.59594866244008
Multiple,6.9318234557014895,1.345291479820628
Other,6.5865317677634945,1.7937219730941705
Unknown,14.063210655775746,2.566877995979589
White,46.999582308442015,54.32194216792949
