Race,% Cases,% Deaths
American Indian/Alaska Native,0.562935587193275,1.1019513142920587
Asian,1.9930651481408397,1.0547644821939102
Black/African American,11.874891556085307,18.819218919143978
Caucasian,1.7075871630992507,1.065867266217004
Multiple Races,5.817676050382299,2.406528437005579
Other,0.0,0.0
Refused,21.656860226563907,1.2379604185749575
Unknown,56.38698426853512,74.31370916257252
