Race,% Cases,% Deaths
American Indian/Alaska Native,0.5511828208735197,1.081938834391229
Asian/Pacific Islander,1.4847016013666476,1.1492594729755723
Black,12.14893840760148,21.778226582035007
Multiple,3.0942030567035776,1.4185420273129448
Other,5.246851730233906,2.6447393729563378
Unknown,19.335247327914097,2.0292363916137717
White,58.13887505530677,69.89805731871513
