Race,% Cases,% Deaths
American Indian/Alaska Native,0.5131714770334732,0.43373493975903615
Asian/Pacific Islander,1.4944954003283206,1.0441767068273093
Black,12.229146866629986,21.386880856760374
Multiple,3.2503512848613276,1.4672021419009371
Other,5.303719299522071,2.6238286479250332
Unknown,20.20729217350971,5.3226238286479255
White,57.001823498115115,67.72155287817938
