Race,% Cases,% Deaths
American Indian/Alaska Native,0.4908826318268415,0.3951636685343557
Asian/Pacific Islander,1.4893006227374348,1.014450014744913
Black,11.740669812457979,21.54526688292539
Multiple,3.349683660319161,1.5039811265113536
Other,5.34838375340045,2.606900619286346
Unknown,20.82808793137088,5.373046299026836
White,56.75299158788726,67.56119138897081
