Race,% Cases,% Deaths
American Indian/Alaska Native,0.5558618552911756,1.0917030567685588
Asian/Pacific Islander,1.469180313041537,1.139168407062844
Black,12.026802990896645,21.720144294664895
Multiple,3.0374670326868323,1.414467438769698
Other,5.230027894123567,2.653313081450541
Unknown,19.436113412368286,1.6517941902411242
White,58.244546501591955,70.32940953104234
