Race,% Cases,% Deaths
American Indian/Alaska Native,0.5659992848106863,1.0921626651209615
Asian,1.662622899131391,1.0647060618078648
Black/African American,11.398185495499307,19.173861313645933
Caucasian,1.9302421261886176,1.1989383446718935
Multiple Races,6.063776814792884,2.715152994295128
Other,0.0,0.0
Refused,22.640355902811155,2.3521156838219595
Unknown,55.73881747676596,72.40306293663626
