Race,% Cases,% Deaths
American Indian/Alaska Native,0.5135068979704499,0.21774632553075668
Asian/Pacific Islander,1.8160228734512767,1.170386499727817
Black,15.956732096264314,35.45182362547632
Multiple,5.88501820189258,1.2520413718018508
Other,6.013655325420675,2.054980947196516
Unknown,14.115190117335805,2.6401741970604244
White,55.6998744876649,57.212847033206316
