Race,% Cases,% Deaths
American Indian/Alaska Native,0.4451556590049462,0.1869158878504673
Asian/Pacific Islander,1.9260983415769566,1.1838006230529596
Black,23.67568616041121,38.8006230529595
Multiple,6.952768887595771,1.355140186915888
Other,6.420327805256522,1.791277258566978
Unknown,14.36427116671516,2.64797507788162
White,46.215691979439434,54.034267912772584
