Race,% Cases,% Deaths
American Indian/Alaska Native,0.5130027561262606,0.39101917255297675
Asian/Pacific Islander,1.5897083560378118,1.0027749747729566
Black,11.633853759466781,22.004288597376387
Multiple,3.904380582340259,1.5199293642785066
Other,5.5784311402781395,2.5920787083753782
Unknown,18.384862628033517,5.102169525731584
White,58.39576077771723,67.3877396569122
