Race,% Cases,% Deaths
American Indian/Alaska Native,0.5636533423359927,1.0950913493286374
Asian,1.9955894866312482,1.0620735197006383
Black/African American,11.906964623102482,18.784393572529165
Caucasian,1.700989305393501,1.059322033898305
Multiple Races,5.812243221846454,2.4047985912392695
Other,0.0,0.0
Refused,21.575346928138643,1.2409200968523002
Unknown,56.44521309255168,74.35340083645168
