Race,% Cases,% Deaths
American Indian/Alaska Native,0.5331400972491059,1.0379581808153235
Asian/Pacific Islander,1.5042167029528346,1.0680439251867824
Black,12.426298821760385,21.817178960036102
Multiple,3.2283264949955552,1.4190442761871334
Other,5.263724821370866,2.637516923231209
Unknown,19.45188845838733,4.3373614802186236
White,57.59240460328392,67.68289625432482
