Race,% Cases,% Deaths
American Indian/Alaska Native,0.46940757526707677,0.194232780516958
Asian/Pacific Islander,1.9626092586597605,1.1952786493351262
Black,21.119294269990288,38.00986104885701
Multiple,6.761087730657171,1.2550425818018824
Other,6.544998381353189,1.9273868220528911
Unknown,12.962123664616382,2.3756163155535632
White,50.18047911945614,55.04258180188256
