Race,% Cases,% Deaths
American Indian/Alaska Native,0.5623779105587474,1.0914482192990758
Asian,1.6411448838501768,1.0567489984543075
Black/African American,11.377348959484069,19.217059398757137
Caucasian,1.939172083942057,1.2081637803223875
Multiple Races,6.096271934733795,2.782246616825968
Other,0.0,0.0
Refused,22.820298942110504,2.372164915933251
Unknown,55.563385285320656,72.27216807040787
