Race,% Cases,% Deaths
American Indian/Alaska Native,0.5579986169428324,1.0917340138947966
Asian/Pacific Islander,1.467874485651737,1.1342691053452432
Black,11.993913784342418,21.669266033366416
Multiple,3.0249599792159363,1.4083841391370102
Other,5.22247353279412,2.646627912472234
Unknown,19.45459025976259,1.6777730516565055
White,58.278189341290364,70.3719457441278
