Race,% Cases,% Deaths
American Indian/Alaska Native,0.5598856931356698,1.0856793720919302
Asian/Pacific Islander,1.4625604624881283,1.1279785684072003
Black,11.919083365664541,21.596089674296188
Multiple,2.9935096472250433,1.4052732998073036
Other,5.212291557656483,2.660149457160314
Unknown,19.51539826566952,1.738966959627767
White,58.33727100816062,70.3858626686093
