Race,% Cases,% Deaths
American Indian/Alaska Native,0.5101953309466284,0.43686964025672836
Asian/Pacific Islander,1.496626330515558,1.0301493986300632
Black,12.198036285384653,21.422792729626234
Multiple,3.2515519108313025,1.4724124912356398
Other,5.301937987598435,2.6158243891915216
Unknown,20.253222451796145,5.307157111266922
White,56.98842970292728,67.71479423979288
