Race,% Cases,% Deaths
American Indian/Alaska Native,0.5625033813076924,1.0947634867900649
Asian,1.6404764585438274,1.0567948109476348
Black/African American,11.384540100725197,19.212149976269576
Caucasian,1.940565993134544,1.2118335706375574
Multiple Races,6.098733697222966,2.781205505457997
Other,0.0,0.0
Refused,22.80651219147243,2.3698781838316725
Unknown,55.56666817759335,72.2733744660655
