Race,% Cases,% Deaths
American Indian/Alaska Native,0.5433936603390219,1.0846728880637124
Asian/Pacific Islander,1.4931548374939576,1.153075682806469
Black,12.248990225878073,21.89378023159232
Multiple,3.142281884693217,1.4315727756876924
Other,5.27509688096545,2.643279425416524
Unknown,19.39145235422794,2.340352762984316
White,57.90563015640233,69.45326623344896
