Race,% Cases,% Deaths
American Indian/Alaska Native,0.5164750940605927,0.4396754776236587
Asian/Pacific Islander,1.4933772113946402,1.031143679665009
Black,12.307165937178892,21.476053389165138
Multiple,3.259229080170125,1.4446479979063072
Other,5.304646024920007,2.622350170112536
Unknown,20.040674242535083,5.244700340225072
White,57.078432409740664,67.74142894530227
