Race,% Cases,% Deaths
American Indian/Alaska Native,0.4952879619654144,0.23549826474962818
Asian/Pacific Islander,1.6237502895614475,1.1650966782350025
Black,13.040009118887497,32.99454635597422
Multiple,4.9543504079599066,1.3882002974714922
Other,5.979857554152587,2.14427367377293
Unknown,18.149895390181754,3.0614774417451662
White,55.7568492772914,59.01090728805156
