Race,% Cases,% Deaths
American Indian/Alaska Native,0.514009048878611,0.3574445960876064
Asian/Pacific Islander,1.5994992931096526,1.0203418470137129
Black,11.729263554984813,22.22655488399298
Multiple,4.0315772778667425,1.5142652888802237
Other,5.667401696195753,2.573601091830766
Unknown,18.31894824266548,5.088711249756288
White,58.13930088629895,67.21908104243842
