Race,% Cases,% Deaths
American Indian/Alaska Native,0.5167708944149433,0.38806539856224953
Asian/Pacific Islander,1.6010889042491507,1.005152999554679
Black,11.685082601445975,22.068833895285962
Multiple,3.9813471095226705,1.5268146828678668
Other,5.623548373359191,2.582861505184808
Unknown,18.16871464091384,5.095744004071506
White,58.423447476094225,67.33252751447293
