Race,% Cases,% Deaths
American Indian/Alaska Native,0.5181434352977081,0.4699442263995043
Asian/Pacific Islander,1.4957492715361078,1.0328444536252839
Black,12.337491122109286,21.586449080768435
Multiple,3.258199917195787,1.425325346002892
Other,5.307996889792978,2.613096467671969
Unknown,19.9606399486569,5.097087378640777
White,57.12177941541123,67.77525304689114
