Race,% Cases,% Deaths
American Indian/Alaska Native,0.4759114377118241,0.20839535576064305
Asian/Pacific Islander,1.9630356973171583,1.1908306043465318
Black,20.822907098286404,37.94284013099137
Multiple,6.730068733964714,1.2801428996725217
Other,6.483006556650091,1.979755879726109
Unknown,12.739539450761775,2.3518904435844
White,50.78553102530804,55.04614468591843
