Race,% Cases,% Deaths
American Indian/Alaska Native,0.5642985687582387,1.0931822380981708
Asian,1.6476512775992225,1.0623883722362506
Black/African American,11.371529749903686,19.178419658803968
Caucasian,1.9351660871738328,1.204040155201084
Multiple Races,6.0794784129453205,2.737574675124715
Other,0.0,0.0
Refused,22.753452183744585,2.3896039908850155
Unknown,55.64842371987512,72.33479090965079
