Race,% Cases,% Deaths
American Indian/Alaska Native,0.4473175660431034,0.1875586120662707
Asian/Pacific Islander,1.9275855641988995,1.1878712097530477
Black,23.849089179034934,38.87152235073461
Multiple,6.959908182183812,1.3597999374804626
Other,6.395856426756653,1.7661769302907158
Unknown,14.527030341079644,2.62582056892779
White,45.89321274070296,54.00125039074711
