Race,% Cases,% Deaths
American Indian/Alaska Native,0.5325934112862452,1.0276042716099134
Asian/Pacific Islander,1.5055112465274667,1.067902478339714
Black,12.439607513837583,21.841628047551882
Multiple,3.2481117494708918,1.4205117872254684
Other,5.281348499080076,2.634495264960709
Unknown,19.463999052970586,4.377392706024582
White,57.528828526827155,67.63046544428772
