Race,% Cases,% Deaths
American Indian/Alaska Native,0.489671817440512,0.3097236938625805
Asian/Pacific Islander,1.4833573047151913,0.9617735756785394
Black,11.642920656774885,24.818648626619936
Multiple,4.047270745489487,1.5975222104490994
Other,5.72629189357526,2.583747656695737
Unknown,20.212792112800717,5.306055913277366
White,56.397695469203946,64.42252832341674
