Race,% Cases,% Deaths
American Indian/Alaska Native,0.4781931889559494,0.29151371194126535
Asian/Pacific Islander,1.5036731572766748,1.047290002159361
Black,11.59843788404293,29.669617793133234
Multiple,4.304284894994129,1.4467717555603543
Other,5.848649534369282,2.2997192830922044
Unknown,20.911052243493458,3.9948175340099334
White,55.35570909686758,61.25026992010365
