Race,% Cases,% Deaths
American Indian/Alaska Native,0.5008986413467484,0.39616217889198396
Asian/Pacific Islander,1.5470500869746127,0.996595481275147
Black,11.562277867995077,21.813679975239864
Multiple,3.6920867550089866,1.547508511296812
Other,5.48604649818827,2.6307644692045806
Unknown,19.377857014892598,5.187248529866914
White,57.833783135593706,67.4280408542247
