Race,% Cases,% Deaths
American Indian/Alaska Native,0.5638621505913248,1.0885746185336806
Asian/Pacific Islander,1.4561661442296134,1.1211388165240044
Black,11.849981968986658,21.492370673613696
Multiple,2.9651307941967877,1.4002605135839226
Other,5.193948976855576,2.665612206922218
Unknown,19.56716321303411,1.77242277633048
White,58.40374675210593,70.45962039449199
