Race,% Cases,% Deaths
American Indian/Alaska Native,0.48907084586522886,0.30319955317960584
Asian/Pacific Islander,1.4770704032671782,0.9494933375887656
Black,11.659440918189775,24.495332322668155
Multiple,4.008530071519821,1.6037660576079151
Other,5.720780984378301,2.6250698156865875
Unknown,20.3198776819933,5.457591957232905
White,56.3252290947864,64.56554695603607
