Race,% Cases,% Deaths
American Indian/Alaska Native,0.515674379277863,0.3863938683727117
Asian/Pacific Islander,1.593478840954319,1.0071577880534617
Black,11.655076852843122,22.05612212579971
Multiple,3.9431086420467514,1.5139038449357065
Other,5.605386932605474,2.584404890099449
Unknown,18.29615269619899,5.092797871666561
White,58.39112165607349,67.35921961107239
