Race,% Cases,% Deaths
American Indian/Alaska Native,0.49206033370500657,0.3962152572442342
Asian/Pacific Islander,1.4921992418866985,1.0171496156120639
Black,11.709709431615252,21.5612063867534
Multiple,3.360076286871675,1.5079834417504436
Other,5.350592987764817,2.6079243051448846
Unknown,20.8521203520509,5.3636901241868715
White,56.74324136610566,67.5458308693081
