Race,% Cases,% Deaths
American Indian/Alaska Native,0.5549035715682823,1.0846194275885135
Asian/Pacific Islander,1.4771349215663263,1.141956137416981
Black,12.086120564878927,21.73539108414162
Multiple,3.0708445800571136,1.419083568254575
Other,5.2313891170832845,2.6422667112618856
Unknown,19.384755310409577,1.887333365187061
White,58.194851934436485,70.08934970614936
