Race,% Cases,% Deaths
American Indian/Alaska Native,0.5166101988101001,0.38997570643140267
Asian/Pacific Islander,1.6038867183276864,1.0101010101010102
Black,11.704730492808872,22.113540467970846
Multiple,4.011795877430655,1.534330648254699
Other,5.644124432202812,2.5891829689298045
Unknown,18.146556957688194,5.088863316711418
White,58.37229532273168,67.27400588160081
