Race,% Cases,% Deaths
American Indian/Alaska Native,0.5517121881728423,1.0802246867348408
Asian/Pacific Islander,1.4809790233197835,1.1474386672427865
Black,12.117879747614317,21.753324691535838
Multiple,3.0796054529326695,1.416294589274569
Other,5.241167337929623,2.640549234240722
Unknown,19.370374709450285,2.011618416630659
White,58.15828154058048,69.95054971434058
