Race,% Cases,% Deaths
American Indian/Alaska Native,0.5644052807927796,1.1244979919678715
Asian/Pacific Islander,1.4049435018481853,1.0737687592475165
Black,11.245310388330195,20.553794123863877
Multiple,2.5917619571171846,1.357006975269499
Other,5.330502855448171,2.6632847178186427
Unknown,20.243218262575226,1.855844430352991
White,58.61985775388826,71.3718030014796
