Race,% Cases,% Deaths
American Indian/Alaska Native,0.4982921733953871,0.2933390570222508
Asian/Pacific Islander,1.5327261469263715,0.94440867138871
Black,11.634166821311178,23.21671317163912
Multiple,4.0320876641451955,1.4666952851112542
Other,5.68479345311699,2.604278457465837
Unknown,19.31727357746955,5.108392358875295
White,57.30066016363533,66.36617299849753
