Race,% Cases,% Deaths
American Indian/Alaska Native,0.5084898718536105,0.3640214441723476
Asian/Pacific Islander,1.5869049106585031,0.9927857568336753
Black,11.709497827203688,22.397246674167715
Multiple,4.032862676496314,1.489178635250513
Other,5.6711372124342265,2.5481501092064334
Unknown,18.492544462493232,5.169104507247336
White,57.99856303886043,67.03951287312198
