Race,% Cases,% Deaths
American Indian/Alaska Native,0.5146997499689376,0.3945921469694029
Asian/Pacific Islander,1.5999264714642902,1.0155896241671518
Black,11.731545954483794,22.174784914936282
Multiple,4.030793478427375,1.5395562455527525
Other,5.669186267184316,2.568083317161524
Unknown,18.293457151756428,5.1167604631606185
White,58.160390926714854,67.19063328805227
