Race,% Cases,% Deaths
American Indian/Alaska Native,0.5150880371397837,0.4398283079857983
Asian/Pacific Islander,1.4951027571760176,1.0386307031953792
Black,12.257487403045914,21.435006094006674
Multiple,3.2516560040763176,1.4519633299772137
Other,5.303515824038952,2.6230724391924114
Unknown,20.149351752250467,5.267341423347995
White,57.02779822227255,67.74415770229453
