Race,% Cases,% Deaths
American Indian/Alaska Native,0.4829696588655819,0.303408888095663
Asian/Pacific Islander,1.4829828487515773,0.9726932000713904
Black,11.589293329874652,26.06639300374799
Multiple,4.089963815746086,1.5527396037836874
Other,5.783545177557849,2.4808138497233627
Unknown,20.498841488346738,5.086560771015527
White,56.07240368085752,63.53739068356238
