Race,% Cases,% Deaths
American Indian/Alaska Native,0.5137571416855745,0.35746782789548937
Asian/Pacific Islander,1.5986782756075557,1.0204081632653061
Black,11.72586178617315,22.227999480046794
Multiple,4.030097591645936,1.514363707266346
Other,5.666021978622783,2.5737683608475237
Unknown,18.34627265520352,5.095541401273886
White,58.119310571061476,67.21045105940465
