Race,% Cases,% Deaths
American Indian/Alaska Native,0.5111427231563808,0.390625
Asian/Pacific Islander,1.58691073117406,1.0017641129032258
Black,11.623595690654353,22.007308467741936
Multiple,3.8891703301960034,1.518397177419355
Other,5.57143999836886,2.5894657258064515
Unknown,18.44881750212911,5.122227822580645
White,58.36892302432123,67.37021169354838
