Race,% Cases,% Deaths
American Indian/Alaska Native,0.5195473538773067,0.4638360772720322
Asian/Pacific Islander,1.4968870790005089,1.0601967480503593
Black,12.37057464577588,21.637188439777766
Multiple,3.2588059584608238,1.4322850298180336
Other,5.3102572564901465,2.6352005708751722
Unknown,19.798736931605237,4.979866455986544
White,57.2451907747901,67.79142667822009
