Race,% Cases,% Deaths
American Indian/Alaska Native,0.5226195498424201,0.22843321687718354
Asian/Pacific Islander,1.7931855969427004,1.1690405804891157
Black,15.520262054247214,35.07121741467347
Multiple,5.795468645308584,1.276538564901908
Other,6.0327071494155895,2.042461703843053
Unknown,14.232821301833884,2.7680730986294004
White,56.10293570240961,57.44423542058586
