Race,% Cases,% Deaths
American Indian/Alaska Native,0.5633179465876753,1.086379670964318
Asian,1.6436091947775648,1.0582836449911028
Black/African American,11.371908254102593,19.20519464302438
Caucasian,1.9381282004495675,1.2050073361845597
Multiple Races,6.089637822665492,2.769019448693535
Other,0.0,0.0
Refused,22.791180250096087,2.378796865732214
Unknown,55.60221833132102,72.2973183904099
