Race,% Cases,% Deaths
American Indian/Alaska Native,0.5648641638043382,1.09350713097543
Asian,2.0008479231759657,1.0662376264623272
Black/African American,11.953248243223863,18.802323361784516
Caucasian,1.6912619244094511,1.0444220228518448
Multiple Races,5.803062397585065,2.345177388126858
Other,0.0,0.0
Refused,21.493755382784023,1.0226064192413624
Unknown,56.492959965017285,74.62572605055766
