Race,% Cases,% Deaths
American Indian/Alaska Native,0.49053323759495104,0.38630690597884226
Asian/Pacific Islander,1.4926369625738507,1.0222275050517058
Black,11.670886713780028,21.56781171995721
Multiple,3.3731403449101194,1.5155117080708427
Other,5.372182961087386,2.591227861642696
Unknown,20.834561556000654,5.331035302508023
White,56.766058224053005,67.58587899679068
