Race,% Cases,% Deaths
American Indian/Alaska Native,0.5167587021162021,0.3908753043701141
Asian/Pacific Islander,1.603457098993575,1.0124311162373447
Black,11.714200662922813,22.138920927848265
Multiple,4.019680311995157,1.5378700499807767
Other,5.6519019730482745,2.569524541842881
Unknown,18.1661588272086,5.087786748686403
White,58.32784242371538,67.26259131103421
