Race,% Cases,% Deaths
American Indian/Alaska Native,0.5263987638350185,0.7722792399146429
Asian/Pacific Islander,1.4976872220837028,1.0517223859363887
Black,12.384906175122627,21.705111269179962
Multiple,3.2596919203156602,1.4327812214205875
Other,5.316426257772153,2.6521694949700234
Unknown,19.72273499265971,4.791179758154659
White,57.292154668211126,67.59475663042373
