Race,% Cases,% Deaths
American Indian/Alaska Native,0.5190849951293793,0.46585440769939596
Asian/Pacific Islander,1.495896362150239,1.0289751203030613
Black,12.358835977651129,21.62895464318624
Multiple,3.2585011924622944,1.423159619125627
Other,5.3068491003347855,2.631309511620764
Unknown,19.875043387712598,5.011774342172623
White,57.18578898455957,67.80997235589228
