Race,% Cases,% Deaths
American Indian/Alaska Native,0.5681119958687785,1.1212040591387633
Asian/Pacific Islander,1.3982224149143725,1.0565922997985633
Black,11.276287865503335,19.60016723043594
Multiple,2.398234841717053,1.277032419900422
Other,5.420571329157007,2.7821063433544904
Unknown,20.806748030006585,2.1967998175667973
White,58.13182352283287,71.96609782980502
