Race,% Cases,% Deaths
American Indian/Alaska Native,0.5184951208365816,0.46664273626993485
Asian/Pacific Islander,1.49533589612624,1.0307163735193068
Black,12.354162746310385,21.629660017435004
Multiple,3.2584881314013816,1.425567919593867
Other,5.306818283645618,2.63576226860161
Unknown,19.894576019068612,5.009999487205785
White,57.17212380261118,67.8016511973745
