Race,% Cases,% Deaths
American Indian/Alaska Native,0.560200454357948,1.0796177305195864
Asian,1.6309614743145648,1.0600476206008025
Black/African American,11.432767063588402,19.292866694934606
Caucasian,1.9518443735209188,1.2166084999510747
Multiple Races,6.114045423952282,2.788740663426726
Other,0.0,0.0
Refused,22.903824936001058,2.4103852049969015
Unknown,55.40635627426482,72.15173358557031
