Race,% Cases,% Deaths
American Indian/Alaska Native,0.5148860097694575,0.4418183753859257
Asian/Pacific Islander,1.495232599924955,1.0380070265091026
Black,12.250024656034153,21.388267859043967
Multiple,3.25142239810823,1.4585329500692004
Other,5.303938050438877,2.629617800489726
Unknown,20.16500838305161,5.307143617587565
White,57.019487902672715,67.7366123709145
