Race,% Cases,% Deaths
American Indian/Alaska Native,0.4905881828869362,0.290920226611545
Asian/Pacific Islander,1.4884209180758408,0.9416628387689481
Black,11.621884919981639,23.947328127392435
Multiple,4.0126355993097285,1.4852243148063085
Other,5.693185801800825,2.6642168121267797
Unknown,20.01727614130024,5.228908283570663
White,56.676008436644786,65.44173939672332
