Race,% Cases,% Deaths
American Indian/Alaska Native,0.5669402519004003,1.1035653650254669
Asian,1.6964856945363462,1.058088770312879
Black/African American,11.42040899158379,19.16383701188455
Caucasian,1.9222423413522438,1.1854232355081251
Multiple Races,6.034024037199589,2.6831190880426874
Other,0.0,0.0
Refused,22.526883333976446,2.3102110113994665
Unknown,55.83301534945119,72.49575551782682
