Race,% Cases,% Deaths
American Indian/Alaska Native,0.511943224691839,0.21935483870967742
Asian/Pacific Islander,1.7229917132101678,1.1483870967741936
Black,14.09601158541491,34.0
Multiple,5.35783095287497,1.3806451612903226
Other,6.0175559686482405,2.1419354838709674
Unknown,16.07264597157,2.9290322580645163
White,56.22102058358986,58.18064516129032
