Race,% Cases,% Deaths
American Indian/Alaska Native,0.4423706761182646,0.1837953744830755
Asian/Pacific Islander,1.9013863340661314,1.179353652933068
Black,22.617434608999957,38.53576351661817
Multiple,6.893983579344071,1.3018839025884517
Other,6.622997891336533,1.8839025884515241
Unknown,13.793350980304186,2.4046561494869048
White,47.72847592983086,54.510644815438816
