Race,% Cases,% Deaths
American Indian/Alaska Native,0.5163302288339163,0.39263645726055607
Asian/Pacific Islander,1.604281680643938,1.0105561277033985
Black,11.726579291162713,22.161431513903192
Multiple,4.028994057903831,1.5383625128733265
Other,5.655695562392009,2.568228630278064
Unknown,18.199165577984743,5.0849639546858905
White,58.26895360107884,67.24382080329558
