Race,% Cases,% Deaths
American Indian/Alaska Native,0.5665589603380322,1.129278908363722
Asian/Pacific Islander,1.3977204133082413,1.0508567619495746
Black,11.11792067606434,19.82511861349645
Multiple,2.446330291517239,1.3057287377955533
Other,5.405390050775841,2.764380661098694
Unknown,20.705677662180875,2.113476845861271
White,58.36040194581543,71.81115947143473
