Race,% Cases,% Deaths
American Indian/Alaska Native,0.5640936095350757,1.1165367371998058
Asian,1.9743686225901416,1.0679916616693794
Black/African American,11.771939273654672,18.978268939718436
Caucasian,1.7440502101517172,1.0794140323824208
Multiple Races,5.87441067752717,2.4358205545560985
Other,0.0,0.0
Refused,21.820896794889137,1.1993489248693567
Unknown,56.250240811652084,74.1226191496045
