Race,% Cases,% Deaths
American Indian/Alaska Native,0.4991409895393874,0.24052916416115455
Asian/Pacific Islander,1.584171165035055,1.1304870715574262
Black,12.738091607450858,32.17077570655442
Multiple,4.769117642075586,1.358989777510523
Other,5.8809177688092795,2.2128683102826217
Unknown,18.722700579789702,3.2591701743836436
White,55.80586024730013,59.62717979555021
