Race,% Cases,% Deaths
American Indian/Alaska Native,0.5081320239607535,0.35780545984627615
Asian/Pacific Islander,1.5867830064246378,0.9872780280943546
Black,11.70302428919733,22.4025974025974
Multiple,4.033428275009949,1.4908560826928172
Other,5.67338788859327,2.544394381129075
Unknown,18.523011047179466,5.168301086668434
White,57.972233469634595,67.04876755897165
