Race,% Cases,% Deaths
American Indian/Alaska Native,0.5646783832256028,1.132013337175318
Asian/Pacific Islander,1.4031288883834276,1.0661507430123904
Black,11.180362630217589,20.28979541431688
Multiple,2.5390699529297507,1.3378339439344669
Other,5.360815794533985,2.6756678878689337
Unknown,20.400250502613893,1.95117935207673
White,58.55169384809575,71.54735932161528
