Race,% Cases,% Deaths
American Indian/Alaska Native,0.5337128816192338,1.0377170225503891
Asian/Pacific Islander,1.5027013768307718,1.0626621432847734
Black,12.406861131372333,21.757134304530034
Multiple,3.211314153665416,1.4218718818599083
Other,5.2631125971731825,2.6491718219916183
Unknown,19.432592525652858,4.345440031929755
White,57.6497053336862,67.72600279385352
