Race,% Cases,% Deaths
American Indian/Alaska Native,0.5164469531658581,0.44106064583880283
Asian/Pacific Islander,1.4939992065066454,1.023890784982935
Black,12.29565291879317,21.43344709897611
Multiple,3.258056662639087,1.4491992648989236
Other,5.305472399055022,2.6306117091100027
Unknown,20.059827595534795,5.255972696245734
White,57.070544264305425,67.7658177999475
