Race,% Cases,% Deaths
American Indian/Alaska Native,0.5632787391582146,1.10415385475485
Asian,1.9906196226164476,1.059428635321742
Black/African American,11.849617899453206,18.851679991054958
Caucasian,1.7158416994302401,1.0678146139654499
Multiple Races,5.833549712279348,2.412366523173254
Other,0.0,0.0
Refused,21.63876145091385,1.2243528819813272
Unknown,56.408330876148696,74.28020349974842
