Race,% Cases,% Deaths
American Indian/Alaska Native,0.5654382809403825,1.1094346321114759
Asian,1.8695515594618133,1.0739327238839087
Black/African American,11.590512760357642,19.168071950534006
Caucasian,1.834073598874602,1.1064761397591787
Multiple Races,5.913111249252776,2.455548652406734
Other,0.0,0.0
Refused,22.108203803431774,1.2011478950326913
Unknown,56.11910874768101,73.885388006272
