Race,% Cases,% Deaths
American Indian/Alaska Native,0.5074914994735893,0.36224592473334677
Asian/Pacific Islander,1.5760790544576742,0.945864359025961
Black,11.68036268912686,22.57328771717985
Multiple,4.032078648044047,1.4892332461259812
Other,5.672623312376171,2.5558462467297245
Unknown,18.64404998186905,5.125109009190313
White,57.88731481465261,66.94841349701483
