Race,% Cases,% Deaths
American Indian/Alaska Native,0.5635076800534617,1.1209328568741772
Asian/Pacific Islander,1.401141460813333,1.0457024637953733
Black,11.47893765166882,19.533571562911415
Multiple,2.355148892796511,1.2676321233778447
Other,5.4893397280339675,2.7948091028775623
Unknown,20.971220472042308,2.208012036862893
White,57.74070411459159,72.02933985330074
