Race,% Cases,% Deaths
American Indian/Alaska Native,0.5674983829498514,1.125776397515528
Asian/Pacific Islander,1.3971031751896998,1.0714285714285714
Black,11.154091682344488,19.74378881987578
Multiple,2.4312410569560607,1.2888198757763976
Other,5.407387543751852,2.7639751552795033
Unknown,20.729421585208865,2.123447204968944
White,58.31325657359918,71.88276397515529
