Race,% Cases,% Deaths
American Indian/Alaska Native,0.5333163565613548,1.0351126446113252
Asian/Pacific Islander,1.4993170199957335,1.0604830525674853
Black,12.405217676840444,21.78810635275015
Multiple,3.257529812663555,1.4258169271361885
Other,5.313841318559074,2.643596509031865
Unknown,19.640896596939044,4.404302821189365
White,57.34988121844079,67.64258169271362
