Race,% Cases,% Deaths
American Indian/Alaska Native,0.5096793806231282,0.19793581224374382
Asian/Pacific Islander,1.9688629880923891,1.1734766011593383
Black,18.378857360921565,36.60398699278949
Multiple,6.332830984366813,1.2583062349780856
Other,6.220934369077726,1.9793581224374381
Unknown,12.382363023666459,2.4741976530467977
White,54.206471893251916,56.31273858334511
