Race,% Cases,% Deaths
American Indian/Alaska Native,0.5169440050411379,0.387399974596723
Asian/Pacific Islander,1.598579906258222,1.0097802616537535
Black,11.672735304530853,22.08179855201321
Multiple,3.965023857704788,1.517845802108472
Other,5.616873520058987,2.5784326178076973
Unknown,18.207700078280556,5.087006223802871
White,58.42214332812545,67.33773656801728
