Race,% Cases,% Deaths
American Indian/Alaska Native,0.5164127787378529,0.4399518148012361
Asian/Pacific Islander,1.4940371447690675,1.031791756140994
Black,12.301303874673017,21.47383857958414
Multiple,3.2590107495871177,1.445555962918347
Other,5.3061863637285365,2.613523280783533
Unknown,20.044341201943983,5.247996647986173
White,57.07870788656042,67.74734195778558
