Race,% Cases,% Deaths
American Indian/Alaska Native,0.5696688387039186,1.0959527057753524
Asian/Pacific Islander,1.4484513076854415,1.1141427921782627
Black,11.732928679817906,21.277853569804456
Multiple,2.9022583236633044,1.3869940882219192
Other,5.16620548067482,2.6466575716234653
Unknown,19.611354101579934,1.6689404274670305
White,58.569133267874676,70.80945884492952
