Race,% Cases,% Deaths
American Indian/Alaska Native,0.48093226870549066,0.2067336089781453
Asian/Pacific Islander,1.9676603878287142,1.1813349084465445
Black,20.45349446619601,37.72888363851152
Multiple,6.647501310232143,1.2847017129356173
Other,6.470234608625952,1.9935026580035442
Unknown,12.5782285661436,2.3479031305375075
White,51.401948392268096,55.25694034258712
