Race,% Cases,% Deaths
American Indian/Alaska Native,0.44747496271041975,0.18170805572380377
Asian/Pacific Islander,1.92797783933518,1.196244700181708
Black,21.90496484125293,38.31011508176863
Multiple,6.83230343064138,1.28709872804361
Other,6.583422118048158,1.9230769230769231
Unknown,13.379927551672704,2.377347062386433
White,48.92392925633923,54.7244094488189
