Race,% Cases,% Deaths
American Indian/Alaska Native,0.504610149388608,0.36667345691586883
Asian/Pacific Islander,1.57066307079721,0.9302641406939636
Black,11.657747592555985,22.699803082773137
Multiple,4.026820761910141,1.4666938276634753
Other,5.679555787749569,2.587084946017519
Unknown,18.794830702324138,5.1537991444286
White,57.765771935274344,66.79568140150744
