Race,% Cases,% Deaths
American Indian/Alaska Native,0.49705459541217856,0.27879677182685253
Asian/Pacific Islander,1.5177783233966147,0.946441672780631
Black,11.627928770502097,23.492296404988995
Multiple,4.023105916486582,1.4746881878209832
Other,5.682578536312912,2.6338958180484227
Unknown,19.601606618398144,5.150403521643434
White,57.04994723949147,66.02347762289068
