Race,% Cases,% Deaths
American Indian/Alaska Native,0.5544613587247805,1.1040782564914047
Asian,1.5027740913490109,1.0357476803567576
Black/African American,11.939508331196825,19.29080054664461
Caucasian,56.04360501602829,72.19305185931094
Multiple Races,2.2447922212420384,1.265913831547148
Other,5.926448954875138,2.808746313745235
Refused,0.0,0.0
Unknown,21.788410026583925,2.3016615119039057
