Race,% Cases,% Deaths
American Indian/Alaska Native,0.5704633452707907,1.0944283646888568
Asian/Pacific Islander,1.4458768802381465,1.1079956584659914
Black,11.708456629454059,21.228292329956584
Multiple,2.8873226330468165,1.383863965267728
Other,5.1654538670892185,2.6501447178002895
Unknown,19.61367658618853,1.7185238784370478
White,58.60875005871243,70.8167510853835
