Race,% Cases,% Deaths
American Indian/Alaska Native,0.517017944887417,0.43891733723482074
Asian/Pacific Islander,1.4934574056408503,1.0293656599435679
Black,12.313486563833042,21.49127390531926
Multiple,3.2595979049298944,1.4421569652001254
Other,5.306633488723699,2.628278817013272
Unknown,20.020271243182922,5.235656808443934
White,57.089535448802174,67.73435050684502
