Race,% Cases,% Deaths
American Indian/Alaska Native,0.5663707090006431,1.1076811331033232
Asian,1.7163050160609052,1.0532050118031595
Black/African American,11.440707267145289,19.169541795290844
Caucasian,1.9158940918033966,1.1924217662369108
Multiple Races,6.016658630688218,2.663277041341323
Other,0.0,0.0
Refused,22.4659433970307,2.185097754373222
Unknown,55.87812088827086,72.62877549785122
