Race,% Cases,% Deaths
American Indian/Alaska Native,0.5636029430825635,1.1052646231799326
Asian,1.9939069305374928,1.0579359113561069
Black/African American,11.865453157584293,18.834043264010692
Caucasian,1.7123447469709132,1.066288036972076
Multiple Races,5.8280181491952545,2.405412177399148
Other,0.0,0.0
Refused,21.606108862468837,1.2361145911634512
Unknown,56.430565210160644,74.29494139591858
