Race,% Cases,% Deaths
American Indian/Alaska Native,0.512533089598441,0.3596651844101491
Asian/Pacific Islander,1.5931294352995957,1.0266806173162437
Black,11.726005190863392,22.273083965472143
Multiple,4.0349046760884,1.5105937745226263
Other,5.6656290688349875,2.550353125817421
Unknown,18.39617842083933,5.14648182055977
White,58.071620118475856,67.13314151190166
