Race,% Cases,% Deaths
American Indian/Alaska Native,0.5166124718539323,0.391025641025641
Asian/Pacific Islander,1.6036966567001905,1.0128205128205128
Black,11.723025916194349,22.147435897435898
Multiple,4.027865865321695,1.5384615384615385
Other,5.650522317188984,2.5705128205128207
Unknown,18.17338313215816,5.089743589743589
White,58.30489364058269,67.25
