Race,% Cases,% Deaths
American Indian/Alaska Native,0.5658155196480731,1.0935601458080195
Asian,1.681277667699626,1.060145808019441
Black/African American,11.410549196961012,19.16767922235723
Caucasian,1.9268726015746012,1.1938031591737546
Multiple Races,6.052570901544847,2.697448359659781
Other,0.0,0.0
Refused,22.570002210067383,2.3572296476306196
Unknown,55.79291190250446,72.43013365735116
