Race,% Cases,% Deaths
American Indian/Alaska Native,0.4818573236851042,0.2999516207063377
Asian/Pacific Islander,1.4816697104343841,1.0449927431059507
Black,11.467206866170006,27.46008708272859
Multiple,4.099705755927035,1.5868408321238507
Other,5.842371621477205,2.418964683115626
Unknown,20.877080072860437,4.75084663763909
White,55.75010864944583,62.438316400580554
