Race,% Cases,% Deaths
American Indian/Alaska Native,0.5650681943537185,1.1366948411541824
Asian/Pacific Islander,1.4040973513566417,1.0700753632843403
Black,11.209942408261771,20.393887662905442
Multiple,2.5676158568089273,1.3448807094974393
Other,5.3408352053872665,2.6606153974268225
Unknown,20.31324564458212,1.9028188366573675
White,58.599195339249555,71.4910271890744
