Race,% Cases,% Deaths
American Indian/Alaska Native,0.5125228877844625,0.22880386424304053
Asian/Pacific Islander,1.699009285901125,1.1567306470064829
Black,13.895746141773477,33.55790008897928
Multiple,5.263781715929898,1.3728231854582433
Other,5.961859142035051,2.1482140587263254
Unknown,16.41708082657599,2.9490275835769673
White,56.25,58.58650057200966
