Race,% Cases,% Deaths
American Indian/Alaska Native,0.5094151380892028,0.3945885005636978
Asian/Pacific Islander,1.5789723729642169,1.0021295252411375
Black,11.594864776640465,21.92158336464988
Multiple,3.8390039738671873,1.547037454591006
Other,5.547475682476824,2.6180633846924715
Unknown,18.66752080035187,5.135913816860829
White,58.262747255610236,67.38068395340098
