Race,% Cases,% Deaths
American Indian/Alaska Native,0.5625374473640317,1.0800953850469912
Asian/Pacific Islander,1.4597832781853437,1.1221770234254453
Black,11.886061240825105,21.541123112170947
Multiple,2.978084614502974,1.4027212792818067
Other,5.201398097044931,2.6745219058306446
Unknown,19.520151923315254,1.7861317622855006
White,58.391983398762356,70.39322953195867
