Race,% Cases,% Deaths
American Indian/Alaska Native,0.563736713752833,1.0856117778052705
Asian,1.645902090075891,1.0608684894222442
Black/African American,11.369658514767229,19.21316342941977
Caucasian,1.9370644061692526,1.2031423976246443
Multiple Races,6.082944713528229,2.7495979215637756
Other,0.0,0.0
Refused,22.77349169207177,2.3846344179141408
Unknown,55.62720186963479,72.30298156625015
