Race,% Cases,% Deaths
American Indian/Alaska Native,0.5154249406081947,0.4429912456491931
Asian/Pacific Islander,1.4946984702025248,1.0283725345427697
Black,12.282733208060357,21.44815947684843
Multiple,3.2550659376005147,1.4555426642759204
Other,5.3067212901988,2.6263052420630735
Unknown,20.101234108107192,5.263157894736842
White,57.04412204522241,67.73547094188376
