Race,% Cases,% Deaths
American Indian/Alaska Native,0.5161974746429311,0.3867613492264773
Asian/Pacific Islander,1.598400952183813,1.0081156479837687
Black,11.67217579176154,22.058077605883845
Multiple,3.957513972262471,1.5153436469693127
Other,5.611383512730283,2.580522444838955
Unknown,18.208574829227903,5.091301039817398
White,58.435753467191056,67.35987826528024
