Race,% Cases,% Deaths
American Indian/Alaska Native,0.5627984953033082,1.1113631208890906
Asian,1.9805419866124576,1.0688364708550693
Black/African American,11.800768276221875,18.927194375141756
Caucasian,1.7351226730876592,1.0745066908596053
Multiple Races,5.860361286484791,2.4183488319346793
Other,0.0,0.0
Refused,21.758250599123805,1.1964164209571333
Unknown,56.3021566831661,74.20333408936267
