Race,% Cases,% Deaths
American Indian/Alaska Native,0.49167456921630337,0.3891997081002189
Asian/Pacific Islander,1.5174232828506424,1.003405497445877
Black,11.568128894708614,21.70396497202627
Multiple,3.507662017872023,1.526392605205546
Other,5.4370433184555855,2.614935538798346
Unknown,20.34738226092725,5.248114813913889
White,57.13068565596958,67.51398686450986
