Race,% Cases,% Deaths
American Indian/Alaska Native,0.5284079349500432,0.8483616967233935
Asian/Pacific Islander,1.4984786054591348,1.0566421132842265
Black,12.393496792886893,21.803403606807215
Multiple,3.259093154954202,1.42748285496571
Other,5.3211919863532815,2.6568453136906274
Unknown,19.68333530820256,4.429768859537719
White,57.315996217193884,67.7774955549911
