Race,% Cases,% Deaths
American Indian/Alaska Native,0.518480751668226,0.4673617174259155
Asian/Pacific Islander,1.4956046234095124,1.0323044527759233
Black,12.347394429721598,21.606491705613475
Multiple,3.2576772017503064,1.4174926814236557
Other,5.308740888487979,2.6244157978532177
Unknown,19.921000879635596,5.094756304247342
White,57.151101225326784,67.75717734066046
