Race,% Cases,% Deaths
American Indian/Alaska Native,0.5717355435324815,1.0834954891208208
Asian/Pacific Islander,1.4385053869340736,1.1056076419600211
Black,11.604909848261984,21.01539005837608
Multiple,2.814422572682041,1.3753759065982665
Other,5.182712354348132,2.640191049000531
Unknown,19.594626282780997,1.8087741022465946
White,58.79308801146029,70.97116575269769
