Race,% Cases,% Deaths
American Indian/Alaska Native,0.5655744294312436,1.09261186264308
Asian,1.656672396704081,1.0620064883393523
Black/African American,11.397078114161408,19.171206463855054
Caucasian,1.929374681386011,1.1997306727061272
Multiple Races,6.0664103473789055,2.71469670074065
Other,0.0,0.0
Refused,22.672896377464248,2.3719165085388996
Unknown,55.7119936534741,72.38783130317684
