Race,% Cases,% Deaths
American Indian/Alaska Native,0.5681822755788689,1.1315050744979487
Asian/Pacific Islander,1.4134520253065714,1.0926365795724466
Black,11.417420768036244,20.768732455193263
Multiple,2.6877968003722406,1.3560786007341827
Other,5.256370315092412,2.673288706542863
Unknown,19.92357151424843,1.7793133232563163
White,58.73320630136523,71.19844526020299
