Race,% Cases,% Deaths
American Indian/Alaska Native,0.5104112380700513,0.3893494096960563
Asian/Pacific Islander,1.5816370184267636,0.9984928409947249
Black,11.617494924667284,21.960562672695303
Multiple,3.871720479453653,1.5322783220296408
Other,5.5645870118152185,2.6249686008540567
Unknown,18.529592495508037,5.1494599346897765
White,58.324556832058995,67.34488821904044
