Race,% Cases,% Deaths
American Indian/Alaska Native,0.5629533398289488,1.0909428531637342
Asian/Pacific Islander,1.4528893561817524,1.1234390232579732
Black,11.820185216786578,21.475326122278446
Multiple,2.949908529256876,1.3926930040388097
Other,5.191813322617403,2.655401327700664
Unknown,19.62886915738656,1.7919316651966017
White,58.39338107794189,70.47026600436376
