Race,% Cases,% Deaths
American Indian/Alaska Native,0.517619758594017,0.4480333420161501
Asian/Pacific Islander,1.4939468619021063,1.0263089346183902
Black,12.317641344822002,21.51601979682209
Multiple,3.2590707128851792,1.4482938265173222
Other,5.30650195175478,2.6308934618390207
Unknown,20.01493047435736,5.2305287835373795
White,57.09028889568455,67.69992185464965
