Race,% Cases,% Deaths
American Indian/Alaska Native,0.48214793016761276,0.28880094127714195
Asian/Pacific Islander,1.5016536146354276,1.0375441223660284
Black,11.524648774395505,29.446999679110064
Multiple,4.2817094676808125,1.5295753556530112
Other,5.870733969050337,2.3104075302171356
Unknown,20.931491576481687,3.989731522087924
White,55.40761466758861,61.3969408492887
