Race,% Cases,% Deaths
American Indian/Alaska Native,0.5520788289048606,1.0992030777686177
Asian,1.577092506292134,1.0511129431162407
Black/African American,11.673388814496048,19.21544380324265
Caucasian,2.0727470891679913,1.243473481725749
Multiple Races,6.078654220110287,2.816707886782083
Other,0.0,0.0
Refused,22.751777792424146,2.4079417422368783
Unknown,55.29426074860453,72.16611706512778
