Race,% Cases,% Deaths
American Indian/Alaska Native,0.5075300892838647,0.2017000432214378
Asian/Pacific Islander,1.977641055386379,1.1813859674398501
Black,19.033414123837343,37.1848436824665
Multiple,6.445286875340943,1.2534216971617922
Other,6.358281717177995,2.0170004322143784
Unknown,12.561197080493583,2.391586226768477
White,53.116649058479894,55.77006195072756
