Race,% Cases,% Deaths
American Indian/Alaska Native,0.5636302857286237,1.1105459477789081
Asian,1.9820748814421683,1.0681586978636826
Black/African American,11.811913331978927,18.90471346219057
Caucasian,1.7299851959532906,1.0709845145246977
Multiple Races,5.853223826016433,2.4160732451678535
Other,0.0,0.0
Refused,21.731029330466956,1.1981462642703742
Unknown,56.3281431484136,74.23137786820391
