Race,% Cases,% Deaths
American Indian/Alaska Native,0.5138479001135073,0.4426902768147635
Asian/Pacific Islander,1.4945516458569807,1.0400554696250466
Black,12.237797956867198,21.393140967518267
Multiple,3.2511918274687854,1.4560776574750653
Other,5.300681044267877,2.629473571923836
Unknown,20.187287173666288,5.301616086191264
White,57.014642451759364,67.73694597045176
