Race,% Cases,% Deaths
American Indian/Alaska Native,0.5679443166464857,1.0893445624313438
Asian/Pacific Islander,1.4500648578386293,1.1213841083852067
Black,11.755404595153147,21.352068839253022
Multiple,2.913254101595332,1.3914317099963385
Other,5.171996875317435,2.6409740021969976
Unknown,19.614304861506266,1.6477480776272428
White,58.5270303919427,70.75704870010985
