Race,% Cases,% Deaths
American Indian/Alaska Native,0.4926505424857031,0.29574285936648764
Asian/Pacific Islander,1.4816868071487406,0.9572729395283679
Black,11.617391782997855,24.141956572495914
Multiple,4.014531814884494,1.509845124134174
Other,5.707551157217645,2.653903027472955
Unknown,20.119840291579923,5.362285002723947
White,56.56634760368564,65.07899447427815
