Race,% Cases,% Deaths
American Indian/Alaska Native,0.5103642798222505,0.218161985274066
Asian/Pacific Islander,1.8291157765892339,1.1726206708481048
Black,16.15018227295708,35.49222797927461
Multiple,5.922673691493042,1.2407962912462502
Other,6.02644953566962,2.0589037360239977
Unknown,14.052845852957613,2.617943823288792
White,55.50836859051116,57.199345514044175
