Race,% Cases,% Deaths
American Indian/Alaska Native,0.5162980396941184,0.393675379154566
Asian/Pacific Islander,1.6049803189966163,1.0132300742174896
Black,11.725913010473379,22.17489512746047
Multiple,4.030920271179318,1.5359793481768313
Other,5.66131729708572,2.562116811874798
Unknown,18.236826097196875,5.1048725395288805
White,58.22374496537397,67.21523071958696
