Race,% Cases,% Deaths
American Indian/Alaska Native,0.49469922287249357,0.40232197252715673
Asian/Pacific Islander,1.4860165019668041,1.0115523880682797
Black,11.919552911829607,21.50123570320133
Multiple,3.2955962774633023,1.482843841600092
Other,5.3240429818670245,2.6208402781769067
Unknown,20.70744987047875,5.379619518363124
White,56.77264223352202,67.60158629806311
