Race,% Cases,% Deaths
American Indian/Alaska Native,0.5333527617451714,1.042186097536651
Asian/Pacific Islander,1.5020233762365525,1.062132242944051
Black,12.397076738298221,21.751271566769724
Multiple,3.206652231070959,1.4211628602772515
Other,5.265171036095061,2.6428642664805024
Unknown,19.44123316129903,4.3432731624613545
White,57.654490695255,67.73710980353047
