Race,% Cases,% Deaths
American Indian/Alaska Native,0.5404019527305263,1.0495713018626194
Asian/Pacific Islander,1.4987677705280011,1.0939193850399134
Black,12.33328275349655,21.912880654380604
Multiple,3.1782625302824967,1.4388489208633095
Other,5.267244672111848,2.6461022962451954
Unknown,19.352333910641125,3.0353799152458856
White,57.82970641020946,68.82329752636247
