Race,% Cases,% Deaths
American Indian/Alaska Native,0.569143584031337,1.0795329367702138
Asian/Pacific Islander,1.4325760456593652,1.1015642211940957
Black,11.553067906864047,20.98700154218991
Multiple,2.7823675700050816,1.370345891165455
Other,5.196327194042206,2.652566644635382
Unknown,19.70675434198084,1.70522141440846
White,58.75976335741713,71.10376734963648
