Race,% Cases,% Deaths
American Indian/Alaska Native,0.4912075390348311,0.24140705828256123
Asian/Pacific Islander,1.561393243201626,1.0805839751695598
Black,12.196113455082997,31.049545924818943
Multiple,4.608419820763142,1.4024600528796414
Other,5.857842382433557,2.287619266582366
Unknown,19.346185827353636,3.471663409587309
White,55.93883773213021,60.46672031267962
