Race,% Cases,% Deaths
American Indian/Alaska Native,0.5195244052267981,0.46449900464499
Asian/Pacific Islander,1.4966957665978144,1.06171201061712
Black,12.367881016267166,21.617069062324536
Multiple,3.258804388935014,1.424123321933541
Other,5.309264161879463,2.6338624878770864
Unknown,19.818798659956002,5.0022969730998925
White,57.229031601137734,67.79643713950283
