Race,% Cases,% Deaths
American Indian/Alaska Native,0.5321216302966518,1.0244049412473637
Asian/Pacific Islander,1.5044390778596353,1.0695992768906297
Black,12.435204311124116,21.823842522848246
Multiple,3.231923804200202,1.4211107763382544
Other,5.267065230207565,2.641357838706438
Unknown,19.44667647790942,4.333634628904289
White,57.58256946840241,67.68605001506478
