Race,% Cases,% Deaths
American Indian/Alaska Native,0.5092307375200108,0.4393339480392689
Asian/Pacific Islander,1.497461289532085,1.03053642132668
Black,12.187642423145896,21.38634268047947
Multiple,3.2507403140809688,1.4807181211693876
Other,5.30060301530555,2.5926126810218584
Unknown,20.27578846598678,5.3045506318815425
White,56.97853375442872,67.76590551608179
