Race,% Cases,% Deaths
American Indian/Alaska Native,0.5022645556945291,0.3713892709766162
Asian/Pacific Islander,1.5641647869607205,0.921595598349381
Black,11.646515506237773,22.812929848693262
Multiple,4.03005391459899,1.4786795048143053
Other,5.680453552555153,2.5722145804676755
Unknown,18.961511461751993,5.178817056396149
White,57.61503622220084,66.66437414030261
