Race,% Cases,% Deaths
American Indian/Alaska Native,0.4942735447231425,0.2822760362501857
Asian/Pacific Islander,1.5064836725035495,0.9433962264150944
Black,11.623852342640795,23.59976229386421
Multiple,4.027827733080928,1.485663348685188
Other,5.681022243256034,2.6073391769425047
Unknown,19.716422148603883,5.244391620858713
White,56.950118315191666,65.8371712969841
