Race,% Cases,% Deaths
American Indian/Alaska Native,0.4850927651300332,0.27559456976625496
Asian/Pacific Islander,1.4854067082556914,1.0105134224762682
Black,11.547283885603175,28.376033479636625
Multiple,4.190887547597829,1.5821169745840562
Other,5.855039293526695,2.378279065019904
Unknown,20.889876853277162,4.491170766561192
White,55.546412946609415,61.8862917219557
