Race,% Cases,% Deaths
American Indian/Alaska Native,0.5651946270384987,1.0959071846205652
Asian,1.6539673686081442,1.0622340588361343
Black/African American,11.394832327360112,19.16613095784737
Caucasian,1.9317961234025929,1.1999877552269875
Multiple Races,6.06758155560019,2.715278415526372
Other,0.0,0.0
Refused,22.69973638058686,2.3754859644289343
Unknown,55.6868916174036,72.38497566351364
