Race,% Cases,% Deaths
American Indian/Alaska Native,0.49609471378499176,0.27939122123373283
Asian/Pacific Islander,1.5105085818358517,0.948459672082935
Black,11.624324085078172,23.483567384751122
Multiple,4.024130468766185,1.477832512315271
Other,5.688326706808777,2.624806999485332
Unknown,19.662037830517924,5.227556797294317
White,56.994577613208094,65.95838541283729
