Race,% Cases,% Deaths
American Indian/Alaska Native,0.563819768870373,1.1191116509065673
Asian,1.942823887140448,1.0728434689569417
Black/African American,11.7182435758425,19.042248633642753
Caucasian,1.7720049878783153,1.0873022758161996
Multiple Races,5.893797102032636,2.440646597842746
Other,0.0,0.0
Refused,21.92230381612943,1.1595963101124895
Unknown,56.187006862106294,74.0782510627223
