Race,% Cases,% Deaths
American Indian/Alaska Native,0.518843202515712,0.46616464320475387
Asian/Pacific Islander,1.4954958183455251,1.0296603657599508
Black,12.357158535547423,21.633113057732697
Multiple,3.258308434533702,1.4241073715485888
Other,5.306915968231072,2.6330618308488294
Unknown,19.882120795387863,5.004866553967522
White,57.181157245438705,67.80902617693766
