Race,% Cases,% Deaths
American Indian/Alaska Native,0.5567756627215887,1.0834884339271469
Asian,1.623662265444748,1.05357617654879
Black/African American,11.488274550620721,19.240228662589736
Caucasian,1.9688211630769508,1.236373304972082
Multiple Races,6.1248323846173465,2.811752193565541
Other,0.0,0.0
Refused,22.93738674551821,2.442834352565807
Unknown,55.30024722800043,72.1317468758309
