Race,% Cases,% Deaths
American Indian/Alaska Native,0.5127165549820744,0.4344561252950011
Asian/Pacific Islander,1.4953283800343482,1.0351855824930272
Black,12.223313000815427,21.406350568547523
Multiple,3.250545515837042,1.4696417077880284
Other,5.302550599725762,2.622827719373525
Unknown,20.217113025414886,5.310019309161125
White,56.99843292319046,67.72151898734177
