Race,% Cases,% Deaths
American Indian/Alaska Native,0.5528471497016672,1.1010873666518026
Asian,1.5945717599273717,1.0496346859671388
Black/African American,11.60832078253979,19.22958186121497
Caucasian,2.036272230647726,1.24172469385655
Multiple Races,6.11689817851689,2.812746544094947
Other,0.0,0.0
Refused,22.807424472210705,2.411415634754571
Unknown,55.283665426455855,72.15380921346002
