Race,% Cases,% Deaths
American Indian/Alaska Native,0.5655109218361457,1.1223253936213162
Asian/Pacific Islander,1.400441506265633,1.061768268066209
Black,11.137693396478033,20.068631408962453
Multiple,2.4935385316884147,1.3201453371013323
Other,5.38313200540447,2.7008477997577716
Unknown,20.52668000002923,2.002422285022204
White,58.49300363829807,71.72385950746872
