Race,% Cases,% Deaths
American Indian/Alaska Native,0.5085548681937246,0.35799522673031026
Asian/Pacific Islander,1.5860990358357019,0.9878016441262264
Black,11.699200245220979,22.42110845929462
Multiple,4.036393022348548,1.4916467780429594
Other,5.6723025692470594,2.5457438345266508
Unknown,18.540656523435324,5.177671705118006
White,57.95679373571866,67.01803235216123
