Race,% Cases,% Deaths
American Indian/Alaska Native,0.5197478451048501,0.4634817153916675
Asian/Pacific Islander,1.4969319662823932,1.0593867780380972
Black,12.373600926283288,21.656310481817258
Multiple,3.259107613310288,1.43119079148416
Other,5.310019633178394,2.628094122440664
Unknown,19.781741703443917,4.991341550371804
White,57.258850312396866,67.77019456045636
