Race,% Cases,% Deaths
American Indian/Alaska Native,0.5638650552243201,1.0887617641631298
Asian/Pacific Islander,1.4536889590555215,1.1210555453035616
Black,11.802426643307498,21.452297471858277
Multiple,2.9395545046765434,1.393245986344344
Other,5.179154311799328,2.6480900535154084
Unknown,19.591074780027913,1.6193024543273666
White,58.47023574590888,70.6772467244879
