Race,% Cases,% Deaths
American Indian/Alaska Native,0.5659249037904909,1.1152082021764547
Asian,1.8108686708342283,1.0552507719519142
Black/African American,11.53986186608219,19.18038192883053
Caucasian,1.8678024910708109,1.139191174266271
Multiple Races,5.939412584968379,2.560182270587883
Other,0.0,0.0
Refused,22.249427476052297,1.570884671882963
Unknown,56.0267020072016,73.37890098030398
