Race,% Cases,% Deaths
American Indian/Alaska Native,0.5020706870142395,0.20275162925416362
Asian/Pacific Islander,1.979208033130992,1.1730629978276612
Black,19.355959607420434,37.29181752353367
Multiple,6.492171101151642,1.2599565532223027
Other,6.433312531911273,2.0130340333091965
Unknown,12.385119419073012,2.389572773352643
White,52.852158620298404,55.669804489500365
