Race,% Cases,% Deaths
American Indian/Alaska Native,0.5689102075284738,1.0890024200053778
Asian/Pacific Islander,1.4411869028643338,1.106928385766783
Black,11.655425867810298,21.125750649816258
Multiple,2.854573199692886,1.3758178721878642
Other,5.169692633362296,2.635116966926593
Unknown,19.64779508077427,1.76122613605808
White,58.66241610796744,70.90615756923904
