Race,% Cases,% Deaths
American Indian/Alaska Native,0.5086129309081776,0.3601921024546425
Asian/Pacific Islander,1.582351340603219,0.9538420490928494
Black,11.693039189010053,22.518676627534685
Multiple,4.032100522566647,1.487459978655283
Other,5.674627261374023,2.5546958377801494
Unknown,18.574314000460472,5.12940234791889
White,57.934954755077406,66.9957310565635
