Race,% Cases,% Deaths
American Indian/Alaska Native,0.5671464262614323,1.1061880218223468
Asian,1.7633292429848353,1.0489194321367212
Black/African American,11.48093710054585,19.15785031799138
Caucasian,1.8964089406121387,1.1815414293034332
Multiple Races,5.976124702465508,2.613256171444073
Other,0.0,0.0
Refused,22.34971689177533,1.9772734123037043
Unknown,55.966336695354904,72.91497121499835
