Race,% Cases,% Deaths
American Indian/Alaska Native,0.5183750337498333,0.466738472585526
Asian/Pacific Islander,1.495411703153831,1.0309278350515463
Black,12.349694206904124,21.628968559265527
Multiple,3.2576851591479694,1.420731394573524
Other,5.307322341437401,2.641432015181823
Unknown,19.91055313876251,5.021285325947582
White,57.16095841684433,67.78991639739446
