Race,% Cases,% Deaths
American Indian/Alaska Native,0.505853081018797,0.19682271896527484
Asian/Pacific Islander,1.955036688593298,1.180936313791649
Black,18.113212325341404,36.41220300857585
Multiple,6.2475071382897225,1.251230141993533
Other,6.241809168666232,1.9963447209335021
Unknown,12.636197301694828,2.502460283987066
White,54.30038429639572,56.46000281175313
