Race,% Cases,% Deaths
American Indian/Alaska Native,0.4980124736362968,0.39425860900634513
Asian/Pacific Islander,1.5401208913617526,0.997967104047311
Black,11.562427552826358,21.782788147600566
Multiple,3.643138651874721,1.5400726914310354
Other,5.465697500183769,2.6242838661984846
Unknown,19.66746393897757,5.223926569334073
White,57.623138991139534,67.43670301238218
