Race,% Cases,% Deaths
American Indian/Alaska Native,0.5135324456248084,0.3851010101010101
Asian/Pacific Islander,1.5914264066547958,1.003787878787879
Black,11.63969813886184,22.039141414141415
Multiple,3.9166975082636943,1.5214646464646466
Other,5.590879994154657,2.5883838383838382
Unknown,18.368672773567614,5.101010101010101
White,58.379092732872586,67.36111111111111
