Race,% Cases,% Deaths
American Indian/Alaska Native,0.5056519203883632,0.3640040444893832
Asian/Pacific Islander,1.5714024771499426,0.9302325581395349
Black,11.666174889877126,22.60195483653522
Multiple,4.026773733499132,1.4897202561509943
Other,5.67440161302787,2.574991573980452
Unknown,18.76690482714046,5.197168857431749
White,57.78869053891711,66.84192787327267
