Race,% Cases,% Deaths
American Indian/Alaska Native,0.5638214825105478,1.1137011137011137
Asian,1.95592159730626,1.0734121845232956
Black/African American,11.740794681505122,19.02788569455236
Caucasian,1.758542620965619,1.0820455264899709
Multiple Races,5.883145510301972,2.44323577656911
Other,0.0,0.0
Refused,21.87411773338789,1.1827678494345162
Unknown,56.22365637402259,74.07695185472963
