Race,% Cases,% Deaths
American Indian/Alaska Native,0.5660471021054286,1.1070998796630565
Asian,1.7894718456490906,1.05294825511432
Black/African American,11.51679479907741,19.163658243080626
Caucasian,1.8807104569100952,1.1552346570397112
Multiple Races,5.954411030633191,2.5812274368231045
Other,0.0,0.0
Refused,22.289845533260955,1.7659446450060168
Unknown,56.00271923236383,73.17388688327317
