Race,% Cases,% Deaths
American Indian/Alaska Native,0.446698171988382,0.186075360521011
Asian/Pacific Islander,1.9219524352719013,1.193983563343154
Black,23.536009048993012,38.6261435881532
Multiple,6.942034681416014,1.3490463637773298
Other,6.464661956844739,1.7677159249496046
Unknown,14.137134421640896,2.636067607380989
White,46.55150928384506,54.240967591874714
