Race,% Cases,% Deaths
American Indian/Alaska Native,0.5157894974295117,0.4416171599810736
Asian/Pacific Islander,1.4943571072476716,1.0251826928132064
Black,12.291309967719451,21.43420430050996
Multiple,3.2569292647659265,1.4510278113663846
Other,5.305424530962032,2.628673571315914
Unknown,20.07281734081358,5.26260448977446
White,57.06337229106183,67.75668997423901
