Race,% Cases,% Deaths
American Indian/Alaska Native,0.4909351563795239,0.29174664107485604
Asian/Pacific Islander,1.4850934766284047,0.944337811900192
Black,11.627965944664957,24.0
Multiple,4.019933878816841,1.4817658349328215
Other,5.71197300539307,2.656429942418426
Unknown,20.01774934415198,5.28982725527831
White,56.646349193965214,65.33589251439538
