Race,% Cases,% Deaths
American Indian/Alaska Native,0.5477027334563936,1.0777222195252196
Asian/Pacific Islander,1.48967051862341,1.1408320792271471
Black,12.210281437277164,21.850575270644207
Multiple,3.1277214453688016,1.4175445409971357
Other,5.258451968543758,2.6603233166658575
Unknown,19.33699142792121,2.23797271712219
White,58.02918046880926,69.61502985581825
