Race,% Cases,% Deaths
American Indian/Alaska Native,0.5636028724221697,1.0871248490104375
Asian,1.6448793193161768,1.0561526310899123
Black/African American,11.369923674033764,19.19967788893363
Caucasian,1.9369760886648626,1.2048192771084338
Multiple Races,6.085341286659864,2.7503329513426458
Other,0.0,0.0
Refused,22.77875159517103,2.3755691145042896
Unknown,55.62052516373214,72.32632328801066
