Race,% Cases,% Deaths
American Indian/Alaska Native,0.564071382639604,1.1158526036560752
Asian,1.9495990654793731,1.0726025027391732
Black/African American,11.733101509094114,19.032927743498067
Caucasian,1.7647703560588601,1.0841358629836804
Multiple Races,5.888680189654676,2.436422351652154
Other,0.0,0.0
Refused,21.891554098967333,1.1735194048786113
Unknown,56.208223398106036,74.08453953059224
