Race,% Cases,% Deaths
American Indian/Alaska Native,0.5015074002921263,0.2036956205441583
Asian/Pacific Islander,1.9844439167943821,1.1785246617197729
Black,19.56598383951763,37.42179543139822
Multiple,6.523913340672466,1.251273097628401
Other,6.425338715363971,1.9933071438964063
Unknown,12.348450507623344,2.386148697802997
White,52.65036227973607,55.56525534701004
