Race,% Cases,% Deaths
American Indian/Alaska Native,0.502479232173012,0.37419444251957595
Asian/Pacific Islander,1.5592452234894252,0.9285565795856142
Black,11.649881505967725,22.895156260827385
Multiple,4.0316653341316595,1.475989189938327
Other,5.675882072444491,2.577783937357079
Unknown,19.048498298777055,5.127849767860855
White,57.532348333016635,66.62046982191117
