Race,% Cases,% Deaths
American Indian/Alaska Native,0.5086562204536483,0.44012171267115846
Asian/Pacific Islander,1.4972828830813574,1.0323842642903716
Black,12.178489797042381,21.370354270810694
Multiple,3.2502134221904004,1.47250597696153
Other,5.300558110502208,2.591827863507933
Unknown,20.29645030705257,5.330362964572919
White,56.96834925967743,67.76244294718539
