Race,% Cases,% Deaths
American Indian/Alaska Native,0.5104623952679966,0.3888610135474159
Asian/Pacific Islander,1.5806274349997838,1.0035122930255895
Black,11.602638906897338,21.95810336176618
Multiple,3.853551163551719,1.542900150526844
Other,5.561060996165743,2.615403913697943
Unknown,18.577774896425684,5.136728549924737
White,58.31388420669173,67.3544907175113
