Race,% Cases,% Deaths
American Indian/Alaska Native,0.5633862273047715,1.116913257905425
Asian,1.9379118490094518,1.0675950101537568
Black/African American,11.68855455508698,19.065854366115463
Caucasian,1.7799475703810643,1.0850014505366985
Multiple Races,5.897825563871686,2.4398027270089933
Other,0.0,0.0
Refused,21.95091371908362,1.1604293588627792
Unknown,56.18146051526243,74.06440382941688
