Race,% Cases,% Deaths
American Indian/Alaska Native,0.45514252486969037,0.18055973517905505
Asian/Pacific Islander,1.9343557306961838,1.203731567860367
Black,21.636839771424746,38.128197411977126
Multiple,6.812078010090109,1.2639181462533855
Other,6.563590271328532,1.9711104423713512
Unknown,13.230926265237652,2.3773698465242252
White,49.36706742635309,54.87511284983449
