Race,% Cases,% Deaths
American Indian/Alaska Native,0.5647708264159792,1.0950503723171265
Asian,1.99868917776984,1.0649364870784055
Black/African American,11.932534355973997,18.788326763031097
Caucasian,1.696318839804305,1.0485107314936486
Multiple Races,5.807430300607888,2.3625711782742007
Other,0.0,0.0
Refused,21.52423604871286,1.0950503723171265
Unknown,56.476020450715126,74.5455540954884
