Race,% Cases,% Deaths
American Indian/Alaska Native,0.4919751592870393,0.20494803103498754
Asian/Pacific Islander,1.9796317884873416,1.185770750988142
Black,19.788252718327726,37.564046259698436
Multiple,6.5525812198931,1.2589664763577808
Other,6.465330781807917,1.9909237300541647
Unknown,12.42622205603091,2.3276240667545016
White,52.29600627616596,55.467720685111985
