Race,% Cases,% Deaths
American Indian/Alaska Native,0.5129223903039686,0.3585865171469553
Asian/Pacific Islander,1.5961391244183598,1.0170817577259095
Black,11.724943441529415,22.251923327682878
Multiple,4.029052472217417,1.5191028817316468
Other,5.670917899878234,2.562263658886426
Unknown,18.362279053756662,5.07888903377233
White,58.10374561789594,67.21215282305386
