Race,% Cases,% Deaths
American Indian/Alaska Native,0.5415540589590796,1.0844496785907063
Asian/Pacific Islander,1.4968960718145068,1.1433338240345452
Black,12.294583837172885,21.95887923843172
Multiple,3.1615888627779585,1.4377545512537415
Other,5.2617442147466145,2.644879532852446
Unknown,19.371602323849743,2.502576181363168
White,57.87203063067922,69.22812699347367
