Race,% Cases,% Deaths
American Indian/Alaska Native,0.5328182901041684,1.0369702434625787
Asian/Pacific Islander,1.5032932635770575,1.0670273519687408
Black,12.419890293190958,21.80142270313596
Multiple,3.223355562997959,1.4227031359583209
Other,5.264236035467749,2.6400160304578697
Unknown,19.469327723350684,4.348261697224727
White,57.58707883131142,67.6835988377918
