Race,% Cases,% Deaths
American Indian/Alaska Native,0.49104942713022615,0.38172491947989984
Asian/Pacific Islander,1.4997637716059837,1.0258857211022308
Black,11.662678588029141,21.615173565549327
Multiple,3.3983778559121407,1.5209352260527258
Other,5.3699616813349005,2.6005010139568174
Unknown,20.695899558997883,5.332219968984851
White,56.882269116989725,67.52355958487415
