Race,% Cases,% Deaths
American Indian/Alaska Native,0.5636696336389265,1.1091405568223405
Asian,1.984937902408799,1.0669143934915406
Black/African American,11.824524668306907,18.87791008642288
Caucasian,1.7245904203575766,1.0697294710469274
Multiple Races,5.846530440458111,2.409706387410973
Other,0.0,0.0
Refused,21.6985798605218,1.2104833488162599
Unknown,56.35716707430788,74.25611575598909
