Race,% Cases,% Deaths
American Indian/Alaska Native,0.5263887739514161,0.7735368956743003
Asian/Pacific Islander,1.4970823277857677,1.0534351145038168
Black,12.379362249861888,21.69465648854962
Multiple,3.2584214375658407,1.424936386768448
Other,5.3121987550967,2.6564885496183206
Unknown,19.758310724821797,4.809160305343512
White,57.268235730916594,67.58778625954199
