Race,% Cases,% Deaths
American Indian/Alaska Native,0.5112928077992968,0.4363989009212865
Asian/Pacific Islander,1.4951009184566095,1.0344270244060125
Black,12.21434379907778,21.432034911912073
Multiple,3.2496689655644353,1.4708259253272993
Other,5.303622161115971,2.613005764775605
Unknown,20.24425266053602,5.312213781585044
White,56.98171868744989,67.70109369107267
