Race,% Cases,% Deaths
American Indian/Alaska Native,0.5548863433379287,1.1054002675491095
Asian,1.5314908877723477,1.0666760543547138
Black/African American,11.87274713396509,19.18960782933183
Caucasian,2.1798697402591456,1.2567767373090193
Multiple Races,5.965886970819803,2.8268675631908753
Other,0.0,0.0
Refused,22.205243824799734,2.3621770048581285
Unknown,55.68987509904595,72.19249454340633
