Race,% Cases,% Deaths
American Indian/Alaska Native,0.5332511916679781,1.0338012466426798
Asian/Pacific Islander,1.5008710811115464,1.059139512491765
Black,12.41198509396627,21.8061115897228
Multiple,3.2566491780811218,1.4290781938884103
Other,5.312422922435277,2.640247301474687
Unknown,19.591903242475276,4.403790604571023
White,57.39291729026254,67.62783155120864
