Race,% Cases,% Deaths
American Indian/Alaska Native,0.5099573045113904,0.19479615973285097
Asian/Pacific Islander,1.9168184396739618,1.168776958397106
Black,17.43886782312722,36.06511757339641
Multiple,6.132027587854179,1.2661750382635313
Other,6.136804705460842,2.017531654375957
Unknown,12.94718299346132,2.5184360651175735
White,54.918341145911086,56.76916655071658
