Race,% Cases,% Deaths
American Indian/Alaska Native,0.4995659295562295,0.4129192827648623
Asian/Pacific Islander,1.4873278670856167,1.0125007070535663
Black,11.967789959648623,21.426551275524634
Multiple,3.281051433498395,1.4650149895356073
Other,5.3155567767693555,2.6189264098648115
Unknown,20.69195447767646,5.390576390067311
White,56.756753555765314,67.67351094518921
