Race,% Cases,% Deaths
American Indian/Alaska Native,0.5671189493140488,1.1265866738685906
Asian/Pacific Islander,1.3976202888773037,1.064855897218257
Black,11.205146933780133,19.676685057293877
Multiple,2.4141411043799956,1.2847717890350707
Other,5.40787679921048,2.7624522551024344
Unknown,20.789575660930197,2.156719009221035
White,58.21852026350784,71.92792931826074
