Race,% Cases,% Deaths
American Indian/Alaska Native,0.4972937965490124,0.23761435190685518
Asian/Pacific Islander,1.5761404714543448,1.1167874539622193
Black,12.6319232878885,31.852203873113936
Multiple,4.7152043034913005,1.37816324105976
Other,5.8541888328630245,2.2335749079244387
Unknown,19.013805272305525,3.314720209100629
White,55.71144403544829,59.86693596293217
