Race,% Cases,% Deaths
American Indian/Alaska Native,0.5485391253316086,1.0862218789224678
Asian/Pacific Islander,1.4875231302660654,1.1489813652602103
Black,12.16816676547557,21.820990634353578
Multiple,3.102898993346867,1.4193299217920248
Other,5.25334004036194,2.6503813845708217
Unknown,19.337800693458853,2.017958868398185
White,58.101731251759105,69.85613594670271
