Race,% Cases,% Deaths
American Indian/Alaska Native,0.4956187525194263,0.29088793542287833
Asian/Pacific Islander,1.5275386064344987,0.9453857901243546
Black,11.628278505044426,23.416478801541707
Multiple,4.024394548193722,1.4689840738855355
Other,5.68141076726167,2.617991418805905
Unknown,19.50765069652268,5.090538869900371
White,57.13510812402358,66.16973311031926
