Race,% Cases,% Deaths
American Indian/Alaska Native,0.5650840390049813,1.0944080666482214
Asian,1.6501959028753967,1.0636662670232715
Black/African American,11.389863606060109,19.173660426081344
Caucasian,1.9329308826097487,1.2020043653355468
Multiple Races,6.075256420028114,2.723723446770574
Other,0.0,0.0
Refused,22.738289002328067,2.382489470933628
Unknown,55.64838014709359,72.36004795720741
