Race,% Cases,% Deaths
American Indian/Alaska Native,0.5638482156980645,1.0848065273828655
Asian,1.646798627917743,1.0600815922858202
Black/African American,11.371438882017083,19.20818395351712
Caucasian,1.9357853506854366,1.202249969093831
Multiple Races,6.081346811640544,2.747558412659167
Other,0.0,0.0
Refused,22.761211538377815,2.39522808752627
Unknown,55.63957057366331,72.30189145753492
