Race,% Cases,% Deaths
American Indian/Alaska Native,0.501705611261495,0.4093304923180442
Asian/Pacific Islander,1.494669524612217,1.009308063249972
Black,12.02767010919199,21.40293820791746
Multiple,3.269303457941951,1.4691039587305146
Other,5.313806647305885,2.6410227655040934
Unknown,20.58436847776836,5.422227206459572
White,56.8084761719181,67.64606930582035
