Race,% Cases,% Deaths
American Indian/Alaska Native,0.5330876817711894,1.0321797207043109
Asian/Pacific Islander,1.50167900314834,1.057478243270593
Black,12.41592437738593,21.837684679214732
Multiple,3.2560727943497167,1.4318963772515685
Other,5.312698304714257,2.6411657559198543
Unknown,19.562868100947625,4.40194292653309
White,57.41766973768294,67.59765229710585
