Race,% Cases,% Deaths
American Indian/Alaska Native,0.5185287377980867,0.4689996392310467
Asian/Pacific Islander,1.4956912650957142,1.0307684378704325
Black,12.339256652096715,21.589444931196205
Multiple,3.258442215395245,1.4224604442611968
Other,5.308666484962891,2.612997990001546
Unknown,19.944232643644124,5.091996083079936
White,57.13518200100722,67.78333247435964
