Race,% Cases,% Deaths
American Indian/Alaska Native,0.48431600815554715,0.3007389585839491
Asian/Pacific Islander,1.4840351520374933,0.9623646674686372
Black,11.65102662558878,25.494071146245062
Multiple,4.082275835010966,1.5982127513318438
Other,5.764411027568922,2.5176147104313458
Unknown,20.251012475585885,5.146932462622444
White,56.28292287605241,63.98006530331672
