Race,% Cases,% Deaths
American Indian/Alaska Native,0.5150794387586873,0.3852712688688183
Asian/Pacific Islander,1.5948575288351652,1.0042316680351164
Black,11.65043104690136,22.042569317248784
Multiple,3.932402626296902,1.5221373081538558
Other,5.596887114690808,2.589528200593697
Unknown,18.307088504669007,5.096949409461252
White,58.40325373984807,67.35931282763848
