Race,% Cases,% Deaths
American Indian/Alaska Native,0.5619833902795498,1.099146883087836
Asian,1.6384379628407608,1.0639997443844458
Black/African American,11.396917572184828,19.260632009457776
Caucasian,1.9429169171811378,1.2141738824807489
Multiple Races,6.104047825045581,2.7894047352781417
Other,0.0,0.0
Refused,22.81959536413806,2.3772246541202033
Unknown,55.53610096833008,72.19541809119085
