Race,% Cases,% Deaths
American Indian/Alaska Native,0.5149858743181436,0.44327176781002636
Asian/Pacific Islander,1.4954810243689192,1.029023746701847
Black,12.271777892997255,21.445910290237467
Multiple,3.253707638486468,1.4617414248021108
Other,5.306760559243708,2.6226912928759893
Unknown,20.127035120477778,5.261213720316623
White,57.03025189010773,67.73614775725594
