Race,% Cases,% Deaths
American Indian/Alaska Native,0.48501015490011823,0.20582181711261394
Asian/Pacific Islander,1.978689866319076,1.176124669214937
Black,20.227954772803056,37.65069097324316
Multiple,6.618872957652551,1.2937371361364305
Other,6.485495165055018,2.0141134960305793
Unknown,12.45490921216163,2.3228462216995
White,51.74906787110856,55.33666568656278
