Race,% Cases,% Deaths
American Indian/Alaska Native,0.5641682902006088,1.1197719737071723
Asian,1.930065096013747,1.0703274969460763
Black/African American,11.669055322460018,19.085568029783026
Caucasian,1.7900658877392788,1.0848699901111047
Multiple Races,5.900909164818953,2.431504857192717
Other,0.0,0.0
Refused,21.967872118448952,1.1575824559362458
Unknown,56.177864120318446,74.05037519632366
