Race,% Cases,% Deaths
American Indian/Alaska Native,0.5388276582076857,1.052215580694561
Asian/Pacific Islander,1.4982037325774678,1.0867954354591711
Black,12.3466706758949,21.913747962258558
Multiple,3.184602881387473,1.4227140246010965
Other,5.266843226910052,2.633008941362446
Unknown,19.373509024443326,3.1665267005878572
White,57.791342800579095,68.72499135503631
