Race,% Cases,% Deaths
American Indian/Alaska Native,0.4869411243913236,0.2989664303408217
Asian/Pacific Islander,1.485298123744339,0.9566925770906296
Black,11.692546055095857,25.412146578969846
Multiple,4.07642932543331,1.6058768258306995
Other,5.7615691081826546,2.5284018108823783
Unknown,20.121862975448632,5.133680703852396
White,56.37535328770389,64.06423507303323
