Race,% Cases,% Deaths
American Indian/Alaska Native,0.4654157326031478,0.20737668493556508
Asian/Pacific Islander,2.0532590736675536,1.1998222485557697
Black,18.85942117796722,37.475929491927126
Multiple,6.795069696005958,1.259072729965931
Other,6.749303815633315,1.9997037475929493
Unknown,12.557692158520597,2.3403940157013774
White,52.51983834560221,55.51770108132129
