Race,% Cases,% Deaths
American Indian/Alaska Native,0.504663181033056,0.4169446297531688
Asian/Pacific Islander,1.4991876437940415,1.0006671114076051
Black,12.065762391054523,21.41983544585279
Multiple,3.260380560327646,1.4620858350011119
Other,5.305606772976161,2.6517678452301534
Unknown,20.528835731551823,5.320213475650434
White,56.83556371926275,67.72848565710473
