Race,% Cases,% Deaths
American Indian/Alaska Native,0.5075772133613407,0.1996292599458149
Asian/Pacific Islander,1.9825992459231476,1.1692570939683444
Black,18.598795332410063,36.8601169257094
Multiple,6.395075308290207,1.240553258234707
Other,6.309595594812905,1.9962925994581493
Unknown,12.354137814502396,2.4668472836161417
White,53.85221949069994,56.06730357906745
