Race,% Cases,% Deaths
American Indian/Alaska Native,0.5333679373666996,1.0285887157767357
Asian/Pacific Islander,1.506162734339734,1.063883426612212
Black,12.43693359463815,21.857510210255633
Multiple,3.248342721895591,1.4218726365148993
Other,5.283769710157948,2.6370191095648665
Unknown,19.475083432320833,4.381586245146978
White,57.51633986928104,67.60953965612867
