Race,% Cases,% Deaths
American Indian/Alaska Native,0.4574474267544479,0.18045112781954886
Asian/Pacific Islander,1.94435911698533,1.2030075187969926
Black,21.505840549269,38.13533834586466
Multiple,6.797784991407295,1.2932330827067668
Other,6.589401499364887,1.954887218045113
Unknown,13.154726818374277,2.3909774436090223
White,49.550439597844765,54.84210526315789
