Race,% Cases,% Deaths
American Indian/Alaska Native,0.513839789204307,0.22976077848357884
Asian/Pacific Islander,1.809565714343514,1.1758345722394918
Black,15.71763087489316,35.248006487363156
Multiple,5.812053993637693,1.283957291525882
Other,6.037617523150606,2.054331666441411
Unknown,14.19583567241702,2.6895526422489526
White,55.913456432353705,57.318556561697534
