Race,% Cases,% Deaths
American Indian/Alaska Native,0.49053820408292753,0.3874561084877104
Asian/Pacific Islander,1.5136494138921053,1.0110182830851193
Black,11.571995833531611,21.69148807361666
Multiple,3.4773884491537523,1.53166242886548
Other,5.420506638326222,2.603220728901804
Unknown,20.514437235960642,5.248819469669452
White,57.01148422505275,67.52633490737378
