Race,% Cases,% Deaths
American Indian/Alaska Native,0.4975742211894734,0.4112170883545605
Asian/Pacific Islander,1.4867522505471884,1.0051973270889258
Black,11.938079652474197,21.45182477582957
Multiple,3.290891657303069,1.473527899937175
Other,5.322742616688737,2.6157975898109544
Unknown,20.677570232953578,5.408646981552344
White,56.78638936884376,67.63378833742647
