Race,% Cases,% Deaths
American Indian/Alaska Native,0.5599115235784413,1.078104909168837
Asian,1.628720960006815,1.0649170815337443
Black/African American,11.447206608590395,19.277307045596913
Caucasian,1.9546632631178036,1.223171013154858
Multiple Races,6.115442315245294,2.785928587913356
Other,0.0,0.0
Refused,22.921108689202796,2.3902937588605715
Unknown,55.372946640258455,72.18027760377171
