Race,% Cases,% Deaths
American Indian/Alaska Native,0.44474703354612816,0.183206106870229
Asian/Pacific Islander,1.9125006631417003,1.2213740458015268
Black,22.4415993209429,38.44274809160305
Multiple,6.8427381562892355,1.282442748091603
Other,6.645564024120675,1.9236641221374047
Unknown,13.615625386832658,2.396946564885496
White,48.0972254151267,54.54961832061068
