Race,% Cases,% Deaths
American Indian/Alaska Native,0.5652380979925997,1.0943199583116208
Asian,1.651897013483575,1.063666738190847
Black/African American,11.391673463406546,19.179719829568096
Caucasian,1.9319130557178419,1.2016062287343285
Multiple Races,6.068283615904178,2.718940624712626
Other,0.0,0.0
Refused,22.72752689291616,2.3817552033841154
Unknown,55.6634678605791,72.35999141709837
