Race,% Cases,% Deaths
American Indian/Alaska Native,0.49077253749042665,0.3981497745769658
Asian/Pacific Islander,1.4891172764779999,1.0070847239299725
Black,11.763100032117006,21.552784120850166
Multiple,3.3415272871013166,1.493061654663622
Other,5.343157842725498,2.6289595409567306
Unknown,20.785754873137833,5.445283681714386
White,56.78657015094992,67.47467650330815
