Race,% Cases,% Deaths
American Indian/Alaska Native,0.4824353245636815,0.3105873755366767
Asian/Pacific Islander,1.4773042722950043,0.9408970494199325
Black,11.561657697026138,26.56435553119576
Multiple,4.093424552040332,1.5529368776833836
Other,5.795716063865035,2.4846990042934136
Unknown,20.59069784101797,4.951128162967023
White,55.99876424919184,63.19539599890381
