Race,% Cases,% Deaths
American Indian/Alaska Native,0.4889892760966904,0.3013242407422092
Asian/Pacific Islander,1.4777236005545198,0.9515502339227658
Black,11.625396370126042,24.399333914836255
Multiple,4.005330082699938,1.506621203711046
Other,5.709124081775738,2.672270240266434
Unknown,20.36087607756904,5.479343430338593
White,56.33256051117803,64.6895567361827
