Race,% Cases,% Deaths
American Indian/Alaska Native,0.5647888890989984,1.1251882696907947
Asian,1.8777042736704066,1.072029768760521
Black/African American,11.5923985915239,19.169546085467058
Caucasian,1.8283627542770347,1.1045155193290217
Multiple Races,5.910559920701758,2.4630105431026847
Other,0.0,0.0
Refused,22.095765644493916,1.1960662709311598
Unknown,56.13041992623399,73.86964354271876
