Race,% Cases,% Deaths
American Indian/Alaska Native,0.4639028168439933,0.19481492582047055
Asian/Pacific Islander,1.9550772491948962,1.1988610819721266
Black,21.218050629815334,38.07882511613967
Multiple,6.7734703028820675,1.2588041360707327
Other,6.535404182463006,1.9181777311554022
Unknown,13.117280176103705,2.4127079274689045
White,49.936814642696994,54.93780908137269
