Race,% Cases,% Deaths
American Indian/Alaska Native,0.5657291317561665,1.1241757368713752
Asian/Pacific Islander,1.3987831810877467,1.0606180980376578
Black,11.113354931296135,19.929292126797492
Multiple,2.4581288831217933,1.3029315960912053
Other,5.398273308756341,2.7727019941209186
Unknown,20.661000781995206,2.101374433939779
White,58.40472978198661,71.70890601414158
