Race,% Cases,% Deaths
American Indian/Alaska Native,0.5556991731664856,1.0920698924731183
Asian,1.618828538075946,1.051747311827957
Black/African American,11.519826635591405,19.230510752688172
Caucasian,1.9811993327166753,1.2399193548387097
Multiple Races,6.125162074717959,2.8024193548387095
Other,0.0,0.0
Refused,22.923222025196814,2.429435483870968
Unknown,55.27606222053472,72.15389784946237
