Race,% Cases,% Deaths
American Indian/Alaska Native,0.5131169056797208,0.35959463877084014
Asian/Pacific Islander,1.5931910091872523,1.0264792415822166
Black,11.722734536397242,22.275253350768224
Multiple,4.030625321450626,1.5102974828375286
Other,5.668711909713442,2.549852893102321
Unknown,18.407531448407067,5.13893429225237
White,58.06408886916466,67.1395881006865
