Race,% Cases,% Deaths
American Indian/Alaska Native,0.554471180483525,1.0975237966193558
Asian,1.6024206769431968,1.0534873479895668
Black/African American,11.56583013150972,19.230378374716302
Caucasian,2.0169548782134417,1.2431828190101961
Multiple Races,6.1238077550435515,2.8013956166796516
Other,0.0,0.0
Refused,22.85142417562634,2.4152298363876565
Unknown,55.285091202180226,72.15880220859728
