Race,% Cases,% Deaths
American Indian/Alaska Native,0.5595215309191314,1.0875194199896427
Asian/Pacific Islander,1.4666949664855604,1.1298903064827457
Black,11.955947036383586,21.6044442352055
Multiple,3.0094772808674906,1.4076550068264204
Other,5.216105123720112,2.6599500965114635
Unknown,19.453535550699947,1.7277905936631988
White,58.33871851092417,70.38275034132103
