Race,% Cases,% Deaths
American Indian/Alaska Native,0.49034057958449173,0.286058416139717
Asian/Pacific Islander,1.4920225730067993,0.9409816320385426
Black,11.621360738458693,23.757904245709124
Multiple,4.012700688018158,1.5130984643179766
Other,5.695272114938144,2.664859981933153
Unknown,19.949829199637012,5.3447756699789215
White,56.738474106356705,65.49232158988256
