Race,% Cases,% Deaths
American Indian/Alaska Native,0.5161183363800167,0.2207792207792208
Asian/Pacific Islander,1.7246118205496246,1.1558441558441557
Black,14.328718953278857,34.16883116883117
Multiple,5.422514626261393,1.2857142857142856
Other,6.038540907722579,2.142857142857143
Unknown,15.895833969573886,2.87012987012987
White,56.07366138623364,58.155844155844164
