Race,% Cases,% Deaths
American Indian/Alaska Native,0.5078932900489567,0.1984689537850865
Asian/Pacific Islander,1.9733225122391813,1.1624610150269352
Black,18.47789093384297,36.67422738871562
Multiple,6.370264680472289,1.2475191380776864
Other,6.274707437756892,1.9846895378508649
Unknown,12.351100871796215,2.452509214629997
White,54.0448202738435,56.28012475191381
