Race,% Cases,% Deaths
American Indian/Alaska Native,0.491056028265185,0.39747486555997197
Asian/Pacific Islander,1.4869176535869801,1.011222819733458
Black,11.786817846449235,21.54547580079495
Multiple,3.3341476679135393,1.4905307458498949
Other,5.34011154337682,2.62450315641805
Unknown,20.77510738781518,5.459434182838438
White,56.78584187259305,67.47135842880525
