Race,% Cases,% Deaths
American Indian/Alaska Native,0.5636485303958408,1.0979310344827586
Asian,1.9953593531603517,1.0620689655172413
Black/African American,11.893795708589552,18.77793103448276
Caucasian,1.7037350871705121,1.0593103448275862
Multiple Races,5.813281277840911,2.402758620689655
Other,0.0,0.0
Refused,21.605299523660566,1.2441379310344827
Unknown,56.42488051918227,74.35586206896552
