Race,% Cases,% Deaths
American Indian/Alaska Native,0.5333443262948669,1.0313969361443955
Asian/Pacific Islander,1.502544722041482,1.0566762728146013
Black,12.424571942991095,21.836291015723745
Multiple,3.2547707967520254,1.4308104555336467
Other,5.302915511662938,2.6391627483694826
Unknown,19.5294046865669,4.383436978613681
White,57.45244801369069,67.62222559280045
