Race,% Cases,% Deaths
American Indian/Alaska Native,0.4907335624084212,0.29689819517149774
Asian/Pacific Islander,1.4825110489405113,0.9531994687084929
Black,11.628700081491512,24.17376357527932
Multiple,4.023420383188558,1.5001171966559887
Other,5.706785209389567,2.67208375654348
Unknown,20.148033001088535,5.508242831471208
White,56.51981671349289,64.89569497617002
