Race,% Cases,% Deaths
American Indian/Alaska Native,0.4996204490379843,0.3795599915653335
Asian/Pacific Islander,1.53973606610026,0.9348422014479509
Black,11.635061750021897,23.005552822098828
Multiple,4.036378499897813,1.4620088563998033
Other,5.6753817406791045,2.5936599423631126
Unknown,19.26896294998686,5.21543543965699
White,57.34485854427608,66.40894074646798
