Race,% Cases,% Deaths
American Indian/Alaska Native,0.562405522241687,1.0937056765530937
Asian,1.6415609269407656,1.0558830018596148
Black/African American,11.374623729944217,19.213918744287202
Caucasian,1.9382982747613777,1.2071737006335297
Multiple Races,6.094906357316888,2.7831184795284774
Other,0.0,0.0
Refused,22.811774779124434,2.3796766161313707
Unknown,55.57643040967063,72.26652378100671
