Race,% Cases,% Deaths
American Indian/Alaska Native,0.4449601637307214,0.18441678192715535
Asian/Pacific Islander,1.915978364154667,1.1679729522053173
Black,22.870221475038374,38.681420009220844
Multiple,6.911044514289891,1.2909174734900875
Other,6.652474234339595,1.8749039495927464
Unknown,13.777318909436445,2.412786230213616
White,47.428002339010305,54.38758260335024
