Race,% Cases,% Deaths
American Indian/Alaska Native,0.48118846774229984,0.3129314312011045
Asian/Pacific Islander,1.4745150840159582,0.9479981592268754
Black,11.567499672430385,26.682006442705937
Multiple,4.081743302895716,1.5370455591348366
Other,5.792786239365283,2.494247583985274
Unknown,20.741707970559396,4.979291302346986
White,55.86055926299096,63.04647952139899
