Race,% Cases,% Deaths
American Indian/Alaska Native,0.5432004616843233,1.0813191114590468
Asian/Pacific Islander,1.495836596726988,1.149818964673647
Black,12.27008532915619,21.871024562090223
Multiple,3.1532627066243455,1.4336040708484197
Other,5.266602085823818,2.63724434876211
Unknown,19.385073580939032,2.4415304824346804
White,57.8859392390453,69.38545845973188
