Race,% Cases,% Deaths
American Indian/Alaska Native,0.44919704840501806,0.18590240123934934
Asian/Pacific Islander,1.9211958328189251,1.192873741285825
Black,23.426623234788554,38.59024012393493
Multiple,6.941186525987901,1.3477924089852826
Other,6.514781716825421,1.7660728117738187
Unknown,14.105547061225653,2.6181254841208363
White,46.64146857994852,54.29899302865996
