Race,% Cases,% Deaths
American Indian/Alaska Native,0.4803009339834849,0.23659305993690852
Asian/Pacific Islander,1.5374310042735668,1.0590356016223526
Black,11.91626032193618,30.554303740423617
Multiple,4.435032132190985,1.3970256872465074
Other,5.913376176254647,2.2757999098693102
Unknown,20.030187001453772,3.796755295178008
White,55.687412429907354,60.680486705723304
