Race,% Cases,% Deaths
American Indian/Alaska Native,0.506061437634183,0.43235551663747807
Asian/Pacific Islander,1.4985829357328495,1.0288966725043782
Black,12.144436783252583,21.398861646234675
Multiple,3.2562499567616676,1.4448336252189142
Other,5.3022878266223605,2.6214973730297726
Unknown,20.371365385812755,5.325087565674256
White,56.92101567418361,67.74846760070052
