Race,% Cases,% Deaths
American Indian/Alaska Native,0.5479680397163862,1.0807405253465154
Asian/Pacific Islander,1.487255751555689,1.1437433362411553
Black,12.18513427074662,21.847436270233594
Multiple,3.113185474679699,1.4199864301638074
Other,5.263284735520318,2.655810797712513
Unknown,19.360031169008526,2.0112435785596587
White,58.04314055877276,69.84103906174276
