Race,% Cases,% Deaths
American Indian/Alaska Native,0.5151961649714139,0.39428608364035944
Asian/Pacific Islander,1.6036435487594554,1.0148018874022364
Black,11.7289881445469,22.17051257190873
Multiple,4.028205929084564,1.5383620968263203
Other,5.661725762863778,2.559627690517743
Unknown,18.283267922375977,5.106327968457113
White,58.17897252739791,67.2160817012475
