Race,% Cases,% Deaths
American Indian/Alaska Native,0.5657208994266523,1.1098547964770293
Asian,1.849074191771535,1.071173530111878
Black/African American,11.58443330902571,19.182932635086882
Caucasian,1.844301869456914,1.1217567245893834
Multiple Races,5.919775923856928,2.4785765293977624
Other,0.0,0.0
Refused,22.151514543317745,1.303261128302785
Unknown,56.08517926314451,73.73244465603427
