Race,% Cases,% Deaths
American Indian/Alaska Native,0.49298068644321275,0.3939516829847633
Asian/Pacific Islander,1.485117941178964,1.013846242975494
Black,11.875252030472527,21.51671397949134
Multiple,3.3078507567877184,1.500492439603731
Other,5.338262736545357,2.653380453044435
Unknown,20.731345506682665,5.364694977116042
White,56.769190341889555,67.55692022478421
