Race,% Cases,% Deaths
American Indian/Alaska Native,0.5363150917186486,1.0454342763712035
Asian/Pacific Islander,1.4968652451552589,1.0702076004558292
Black,12.35700817096166,21.820343853738294
Multiple,3.1882067723380993,1.4219888024575138
Other,5.264064142313116,2.6358816826041718
Unknown,19.425972777545965,3.6565426348907497
White,57.73156779996725,68.34960114948224
