Race,% Cases,% Deaths
American Indian/Alaska Native,0.5640528226901002,1.1241245365193338
Asian,1.8916139105637073,1.0740980519098347
Black/African American,11.600106481143527,19.136601730327822
Caucasian,1.821500710967077,1.100582661408981
Multiple Races,5.908173564263949,2.457183214643046
Other,0.0,0.0
Refused,22.075604234592472,1.2124065681831557
Unknown,56.138948275779164,73.89500323700783
