Race,% Cases,% Deaths
American Indian/Alaska Native,0.5668525588139497,1.0795155344918377
Asian/Pacific Islander,1.425026164333508,1.101456907144111
Black,11.49147447799468,20.95839915745129
Multiple,2.743576304785965,1.369141653501843
Other,5.227162628899643,2.650517816394594
Unknown,19.807599147530468,1.7377567140600316
White,58.738308717641786,71.1032122169563
