Race,% Cases,% Deaths
American Indian/Alaska Native,0.48045163916643713,0.29779630732578916
Asian/Pacific Islander,1.4854755398682231,1.0025809013301568
Black,11.49354400727381,27.923367083581496
Multiple,4.121743666496847,1.5783204288266826
Other,5.818315664771024,2.372443915028787
Unknown,21.08136964062412,4.5662100456621
White,55.51909984179954,62.25928131824499
