Race,% Cases,% Deaths
American Indian/Alaska Native,0.5112564080084533,0.2246003435064077
Asian/Pacific Islander,1.7460236894440317,1.1494252873563218
Black,14.865195343321597,34.58845289998679
Multiple,5.560605571218295,1.255119566653455
Other,6.141998237365091,2.0610384462940945
Unknown,14.987933795063698,2.866957325934734
White,56.18698695557883,57.8544061302682
