Race,% Cases,% Deaths
American Indian/Alaska Native,0.48960240729794857,0.3110419906687403
Asian/Pacific Islander,1.4838941681719169,0.9576819186379635
Black,11.66076277947018,24.883359253499222
Multiple,4.061281935758543,1.6288777932389296
Other,5.747919861448099,2.56200376524515
Unknown,20.130946426873777,5.418678890071212
White,56.425592420979534,64.23835638863878
