Race,% Cases,% Deaths
American Indian/Alaska Native,0.5660185857279811,1.09326329933427
Asian,1.659237281898613,1.065779026445978
Black/African American,11.39781625633085,19.16875343553411
Caucasian,1.9299564626989087,1.2001465827887376
Multiple Races,6.0655430954823855,2.711781591644781
Other,0.0,0.0
Refused,22.64935372289381,2.3667012764917854
Unknown,55.73207459496745,72.39357478776034
