Race,% Cases,% Deaths
American Indian/Alaska Native,0.44729183350586943,0.18735362997658078
Asian/Pacific Islander,1.9278473348047738,1.1865729898516784
Black,23.776783795925542,38.84465261514442
Multiple,6.960368771607711,1.358313817330211
Other,6.408578627653965,1.7798594847775178
Unknown,14.460808250483426,2.63856362217018
White,46.01832138601871,54.004683840749415
