Race,% Cases,% Deaths
American Indian/Alaska Native,0.5110188438198658,0.3611056398135382
Asian/Pacific Islander,1.5922725664022375,1.0176613485654258
Black,11.718559824596236,22.309762983389138
Multiple,4.032905470145969,1.5100781301293416
Other,5.670064826883735,2.5540017070448426
Unknown,18.42689064024101,5.1277000853522425
White,58.04828782791095,67.11969010570546
