Race,% Cases,% Deaths
American Indian/Alaska Native,0.5565915990047465,1.1027027027027025
Asian,1.469172072287861,1.0342342342342343
Black/African American,11.92409970132619,19.3009009009009
Caucasian,56.30141857839087,72.20540540540541
Multiple Races,2.2933969135410197,1.2684684684684684
Other,5.862267867879611,2.810810810810811
Refused,0.0,0.0
Unknown,21.593053267569694,2.2774774774774773
