Race,% Cases,% Deaths
American Indian/Alaska Native,0.5162179885994855,0.39243437982501284
Asian/Pacific Islander,1.603806897479444,1.010036026762738
Black,11.725378756032352,22.162892434379824
Multiple,4.0275092061677125,1.5375707668553782
Other,5.652166602209481,2.573340195573855
Unknown,18.18802441526122,5.075913535769429
White,58.28689613425031,67.24781266083376
