Race,% Cases,% Deaths
American Indian/Alaska Native,0.4983373504118649,0.3357382670190728
Asian/Pacific Islander,1.5371044458719259,0.9429244946067576
Black,11.631409710898453,23.2230873633831
Multiple,4.032268395749035,1.464390313593828
Other,5.680826182201505,2.6001857275519678
Unknown,19.307964430096426,5.093220944353169
White,57.31208948477079,66.34045288949211
