Race,% Cases,% Deaths
American Indian/Alaska Native,0.4499563861852162,0.18198362147406735
Asian/Pacific Islander,1.9276442494537478,1.1980588413709434
Black,22.13422691274646,38.30755232029117
Multiple,6.832255222862275,1.289050652107977
Other,6.595617891164101,1.9259933272672127
Unknown,13.248236015510972,2.35062177737337
White,48.81206332207723,54.74673946011526
