Race,% Cases,% Deaths
American Indian/Alaska Native,0.5049383890597857,0.36429872495446264
Asian/Pacific Islander,1.5701364003143092,0.9309856304391825
Black,11.661680708393677,22.613506037914053
Multiple,4.0280552648548085,1.4909262632395601
Other,5.677297504906676,2.5703298927342644
Unknown,18.773278082573107,5.2013762396276055
White,57.78461364989764,66.82857721109087
