Race,% Cases,% Deaths
American Indian/Alaska Native,0.5036802617074991,0.36978703006231595
Asian/Pacific Islander,1.566866977207268,0.917619667191673
Black,11.647583828183338,22.7692939806889
Multiple,4.034242435017601,1.4791481202492638
Other,5.677025921843331,2.567965486543861
Unknown,18.895388116488284,5.170170512908307
White,57.67521245955268,66.72601520235568
