Race,% Cases,% Deaths
American Indian/Alaska Native,0.5644584737077627,1.0915687842076134
Asian,1.647950344260293,1.063895209396716
Black/African American,11.387984705120772,19.177787343951785
Caucasian,1.934403485710893,1.2022630834512023
Multiple Races,6.076340196655344,2.7273845396962053
Other,0.0,0.0
Refused,22.747102039397685,2.386077117028473
Unknown,55.64176075514725,72.351023922268
