Race,% Cases,% Deaths
American Indian/Alaska Native,0.5033616418966738,0.36719706242350064
Asian/Pacific Islander,1.5693559801840056,0.9247926016591866
Black,11.650566171266808,22.70501835985312
Multiple,4.02830856334041,1.4687882496940026
Other,5.678697806086341,2.5975792193662453
Unknown,18.83156404812456,5.167958656330749
White,57.7381457891012,66.76866585067319
