Race,% Cases,% Deaths
American Indian/Alaska Native,0.5673034203538124,1.1227831412410154
Asian/Pacific Islander,1.4080721635024873,1.0802534768000682
Black,11.311748117281363,20.631140220303664
Multiple,2.633494565562332,1.3354314634457534
Other,5.281563500763587,2.6623569940033174
Unknown,20.10009300955248,1.8075107387402713
White,58.69772522298394,71.36052396546592
