Race,% Cases,% Deaths
American Indian/Alaska Native,0.5060400194764544,0.43552566293621475
Asian/Pacific Islander,1.4978320851399292,1.0033629196758365
Black,12.099283544714694,21.390374331550802
Multiple,3.261262723457534,1.4554275318374772
Other,5.305594843376847,2.6407188929929983
Unknown,20.468246423520135,5.281437785985997
White,56.86174036031441,67.79315287502068
