Race,% Cases,% Deaths
American Indian/Alaska Native,0.4457910378632908,0.18636434228917534
Asian/Pacific Islander,1.927901501408777,1.1958378630222084
Black,23.649118067080938,38.68613138686132
Multiple,6.965726195530511,1.351141481596521
Other,6.423443591030144,1.785991613604597
Unknown,14.108031958006869,2.624631153905886
White,46.47998764907947,54.1699021587203
