Race,% Cases,% Deaths
American Indian/Alaska Native,0.4938098952462358,0.40315613661233657
Asian/Pacific Islander,1.4861314889405148,1.0136497149110177
Black,11.899178872266473,21.50550020157807
Multiple,3.300786406725267,1.4859183320854692
Other,5.333412098583552,2.626274261360364
Unknown,20.693359245493202,5.40229223060531
White,56.79332199274476,67.56320912284744
