Race,% Cases,% Deaths
American Indian/Alaska Native,0.5033803388029336,0.2023706273489448
Asian/Pacific Islander,1.97786524787986,1.1708586296617518
Black,19.18228660518901,37.2217403873952
Multiple,6.459348541944866,1.2431338537149466
Other,6.385938909202771,2.009251228678809
Unknown,12.508302279893451,2.3706273489447818
White,52.9828780770871,55.78201792425557
