Race,% Cases,% Deaths
American Indian/Alaska Native,0.5334656381753106,1.0463226330759854
Asian/Pacific Islander,1.4987099160467672,1.0615603413246648
Black,12.401008824420076,21.784843559528646
Multiple,3.2587889413712996,1.4272653392929704
Other,5.314318982057274,2.6412027631044293
Unknown,19.654867622524453,4.408776919951239
White,57.33884007540482,67.63002844372207
