Race,% Cases,% Deaths
American Indian/Alaska Native,0.5061183717639225,0.3943908851884312
Asian/Pacific Islander,1.574657757126749,1.0016276449229997
Black,11.57806315885064,21.92938525103293
Multiple,3.8037580499912975,1.546262676849881
Other,5.52310754258644,2.6167522223613373
Unknown,18.871828246672166,5.1396018530111425
White,58.14246687300879,67.37197946663328
