Race,% Cases,% Deaths
American Indian/Alaska Native,0.491189332231046,0.3867069486404834
Asian/Pacific Islander,1.5099330125014552,1.0090634441087614
Black,11.59062933714948,21.679758308157098
Multiple,3.453106788877538,1.5347432024169185
Other,5.403605892179036,2.598187311178248
Unknown,20.581160044004285,5.226586102719033
White,56.970375593057156,67.56495468277946
