Race,% Cases,% Deaths
American Indian/Alaska Native,0.5035098485036588,0.3690289072644024
Asian/Pacific Islander,1.567283033190149,0.9157383995079614
Black,11.650781601938132,22.743114877332058
Multiple,4.029142915923256,1.4692817604045652
Other,5.679073215546199,2.576368482197772
Unknown,18.866632851046923,5.159570833048589
White,57.70357653385169,66.76689674024465
