Race,% Cases,% Deaths
American Indian/Alaska Native,0.5080736213910644,0.22199007573779056
Asian/Pacific Islander,1.728077564114052,1.1360668581875164
Black,14.574185917310345,34.33011230086184
Multiple,5.482625136651195,1.292765735178898
Other,6.071345364612269,2.1415513188822146
Unknown,15.684420867757487,2.8597545050927136
White,55.95127152816358,58.017759206059026
