Race,% Cases,% Deaths
American Indian/Alaska Native,0.4979149574863045,0.22525341008634714
Asian/Pacific Islander,1.6423254178591546,1.1638092854461268
Black,13.269414713632738,33.21236390939807
Multiple,5.027164153147601,1.3640345388562132
Other,5.9919925293853,2.139907395820298
Unknown,17.65877891744139,2.9533224877987734
White,55.912409311047504,58.941308972594165
