Race,% Cases,% Deaths
American Indian/Alaska Native,0.4807679947346906,0.2810743285446596
Asian/Pacific Islander,1.4839534040687883,1.0306058713304185
Black,11.537917683263874,28.815323755985844
Multiple,4.217389404079072,1.5407037268373933
Other,5.848658348780469,2.3631063918384343
Unknown,20.90158139247894,4.257755569435769
White,55.52973177259417,61.711430356027485
