Race,% Cases,% Deaths
American Indian/Alaska Native,0.49391917070361463,0.3895076380013389
Asian/Pacific Islander,1.523899861106406,1.004199379222202
Black,11.56773603441851,21.715050818574646
Multiple,3.5423964226430433,1.527600267786501
Other,5.437718079880755,2.617004442821496
Unknown,20.103120024391067,5.227922828799221
White,57.331210406856606,67.5187146247946
