Race,% Cases,% Deaths
American Indian/Alaska Native,0.482275463322403,0.3088441740758072
Asian/Pacific Islander,1.4728583041806342,0.9639681796911558
Black,11.545610653903417,26.925596630790828
Multiple,4.073766224276358,1.5535797847449695
Other,5.8064869703418855,2.480112306972391
Unknown,20.796530904905875,4.950865699578849
White,55.82247147906942,62.817033224146
