Race,% Cases,% Deaths
American Indian/Alaska Native,0.5701005005739583,1.0869081028108156
Asian/Pacific Islander,1.4382821200194433,1.1136353512405897
Black,11.610675367629094,21.038799055637224
Multiple,2.8224689895332977,1.3809078355383313
Other,5.1918581075578185,2.6459975945476413
Unknown,19.624659547125876,1.7818165619849435
White,58.74195536756051,70.95193549824046
