Race,% Cases,% Deaths
American Indian/Alaska Native,0.5510554302068299,1.0898522644708162
Asian,1.5629152081804365,1.0517939314258036
Black/African American,11.720418079681776,19.219458187731377
Caucasian,2.100602128594151,1.2455454451095043
Multiple Races,6.04818665713592,2.8301560391654843
Other,0.0,0.0
Refused,22.661643017136246,2.373456042625333
Unknown,55.355179479064645,72.18973808947167
