Race,% Cases,% Deaths
American Indian/Alaska Native,0.5658261294765222,1.1134993133918443
Asian,1.8389237056609529,1.062750014926264
Black/African American,11.56976039979723,19.20114633709475
Caucasian,1.8502734250582065,1.1224550719445936
Multiple Races,5.924912409774217,2.5016418890680043
Other,0.0,0.0
Refused,22.187265883999586,1.370231058570661
Unknown,56.06303804623328,73.62827631500389
