Race,% Cases,% Deaths
American Indian/Alaska Native,0.4908692587874192,0.2850498837296527
Asian/Pacific Islander,1.4978197382921952,0.9376640912159627
Black,11.61354646354484,23.70414822593954
Multiple,4.0109939433991455,1.5152651714049958
Other,5.688162410874759,2.647963393593879
Unknown,19.940942889176238,5.340934663566125
White,56.757665295925406,65.56897457054984
