Race,% Cases,% Deaths
American Indian/Alaska Native,0.48211750088746896,0.3053435114503817
Asian/Pacific Islander,1.4818512602058929,0.9250112258643914
Black,11.571485623003195,26.22361921867984
Multiple,4.090788072417465,1.5626403233048944
Other,5.790956691515797,2.487651549169286
Unknown,20.5353656372027,5.0561293219577905
White,56.04743521476748,63.43960484957341
