Race,% Cases,% Deaths
American Indian/Alaska Native,0.5320445933329673,1.0260537169298862
Asian/Pacific Islander,1.503761875995387,1.0662911175938035
Black,12.441979241034653,21.838849210341014
Multiple,3.23576253501016,1.418368373403078
Other,5.2732165412708,2.630520068403581
Unknown,19.48201438848921,4.360728296952017
White,57.53122082486682,67.65918921637663
