Race,% Cases,% Deaths
American Indian/Alaska Native,0.49735214605784545,0.29004423174534116
Asian/Pacific Islander,1.527793208162056,0.9498948589659924
Black,11.63315187201422,23.377565078674497
Multiple,4.029181942747102,1.464723370313973
Other,5.675665666777766,2.6249002972953375
Unknown,19.480242935970075,5.07577405554347
White,57.15661222827093,66.2170981074614
