Race,% Cases,% Deaths
American Indian/Alaska Native,0.5097879282218597,0.1959412176347096
Asian/Pacific Islander,1.9341045034356616,1.1756473058082575
Black,17.806737851599188,36.2631210636809
Multiple,6.191606110040042,1.245626312106368
Other,6.187280636709675,2.001399580125962
Unknown,12.80154728360275,2.5332400279916025
White,54.56893568639083,56.5850244926522
