Race,% Cases,% Deaths
American Indian/Alaska Native,0.4966264901939681,0.39353132878312735
Asian/Pacific Islander,1.5367046533049493,0.996126175982291
Black,11.551423136113119,21.761052696304496
Multiple,3.6129472329112544,1.537231753059091
Other,5.451988812275746,2.6194429072126915
Unknown,19.833330304838928,5.2142901063764375
White,57.51697937036203,67.47832503228187
