Race,% Cases,% Deaths
American Indian/Alaska Native,0.5328944240071586,1.03463787674314
Asian/Pacific Islander,1.5029330267019985,1.064627380416854
Black,12.414030112695661,21.78237616834108
Multiple,3.218872524650825,1.4245014245014245
Other,5.2616164716358815,2.654071075123707
Unknown,19.44345980434961,4.348478032688559
White,57.62619363595887,67.69130804218524
