Race,% Cases,% Deaths
American Indian/Alaska Native,0.5518680056181388,1.1169079285766772
Asian/Pacific Islander,1.429463095421013,1.0360790653244178
Black,11.831180414806333,19.376882945109855
Multiple,2.249869460519697,1.2528473804100226
Other,5.692923963223251,2.8069659783966494
Unknown,21.457311517885664,2.3036226026893964
White,56.7873835425259,72.10669409949298
