Race,% Cases,% Deaths
American Indian/Alaska Native,0.4464285714285714,0.18561484918793503
Asian/Pacific Islander,1.9115344467640918,1.191028615622583
Black,23.105241574709215,38.60788863109049
Multiple,6.9424768863704145,1.3302397525135343
Other,6.556628392484343,1.7788089713843775
Unknown,14.162690128243364,2.5986078886310904
White,46.875,54.30781129157
