Race,% Cases,% Deaths
American Indian/Alaska Native,0.5164806216865883,0.38828771483131763
Asian/Pacific Islander,1.6016332444268828,1.0057288351368554
Black,11.693667885014323,22.07511139401655
Multiple,3.993381408673318,1.5276893698281349
Other,5.630412591787678,2.577975811584978
Unknown,18.144654088050313,5.105028644175684
White,58.4197701603609,67.32017823042648
