Race,% Cases,% Deaths
American Indian/Alaska Native,0.4971296458838338,0.29131163061685234
Asian/Pacific Islander,1.5218292578164392,0.9467627995047702
Black,11.631190309893665,23.399606729298668
Multiple,4.0265260311425015,1.4856893161459472
Other,5.67908059028076,2.6290874663170927
Unknown,19.57144511218098,5.127084698856602
White,57.07279905280181,66.12045735926006
