Race,% Cases,% Deaths
American Indian/Alaska Native,0.5682788184832339,1.1333535976377611
Asian/Pacific Islander,1.4200027282611094,1.0899300881497243
Black,11.465966576350878,20.834599852360068
Multiple,2.718867395891108,1.3591558469755527
Other,5.22625371357996,2.670545833514265
Unknown,19.892045811914986,1.7456250814190803
White,58.70858495551873,71.16678969994355
