Race,% Cases,% Deaths
American Indian/Alaska Native,0.5181806550378113,0.4701384583591651
Asian/Pacific Islander,1.495731771645855,1.0332713370531101
Black,12.333081182758288,21.574705517668942
Multiple,3.258354077768624,1.4310808018185577
Other,5.3081811264172245,2.6245091961149
Unknown,19.97739623480082,5.171523041950817
White,57.10907495157138,67.69477164703451
