Race,% Cases,% Deaths
American Indian/Alaska Native,0.5034617383122446,0.413986013986014
Asian/Pacific Islander,1.4977460081171794,1.006993006993007
Black,12.04937716797506,21.42097902097902
Multiple,3.2665327846981334,1.4713286713286713
Other,5.313616170694829,2.646153846153846
Unknown,20.52911464696823,5.325874125874126
White,56.84015148323432,67.71468531468531
