Race,% Cases,% Deaths
American Indian/Alaska Native,0.5344109002333448,1.0402150109496318
Asian/Pacific Islander,1.4989313914946443,1.065100537527374
Black,12.386900267472068,21.809675492733426
Multiple,3.2025194418493537,1.4234521202468644
Other,5.260923909102155,2.637865817240693
Unknown,19.425318982838274,3.8721879354967155
White,57.69099510701016,68.1515030858053
