Race,% Cases,% Deaths
American Indian/Alaska Native,0.4475437135720233,0.1823985408116735
Asian/Pacific Islander,1.9228767693588678,1.2007903936768505
Black,22.18463780183181,38.349293205654355
Multiple,6.825041631973355,1.2919896640826873
Other,6.6220857618651126,1.9303845569235447
Unknown,13.345649458784347,2.3559811521507825
White,48.65216486261449,54.689162486700106
