Race,% Cases,% Deaths
American Indian/Alaska Native,0.5657498885440567,1.0932123389871797
Asian,1.6706154143689627,1.0627607418009075
Black/African American,11.404210515202399,19.181461067632995
Caucasian,1.9281278328885494,1.196747769420506
Multiple Races,6.0594601261263765,2.713237309296873
Other,0.0,0.0
Refused,22.60302536300565,2.341727823624349
Unknown,55.768810859864004,72.4108529492372
