Race,% Cases,% Deaths
American Indian/Alaska Native,0.49544521657725127,0.23370233702337023
Asian/Pacific Islander,1.611997263529327,1.156211562115621
Black,12.903899470708962,32.779827798277985
Multiple,4.927447520973607,1.3899138991389914
Other,5.940301731897887,2.1402214022140225
Unknown,18.20113059446225,3.0996309963099633
White,55.919778201850725,59.200492004920044
