Race,% Cases,% Deaths
American Indian/Alaska Native,0.44726211087347656,0.18137847642079807
Asian/Pacific Islander,1.934175238483213,1.2091898428053205
Black,21.860678276810265,38.25574365175333
Multiple,6.832841090402961,1.2696493349455864
Other,6.602844824659673,1.9347037484885126
Unknown,13.201446175781648,2.357920193470375
White,49.12075228298876,54.79141475211608
