Race,% Cases,% Deaths
American Indian/Alaska Native,0.484134789857626,0.28358365717886774
Asian/Pacific Islander,1.4942172058506413,1.039806742989182
Black,11.523249514813315,29.00955781955677
Multiple,4.256757112126774,1.5229492700346603
Other,5.8869317793334135,2.331687847915135
Unknown,20.73522218657466,4.253754857683016
White,55.61948741144357,61.55865980464237
