Race,% Cases,% Deaths
American Indian/Alaska Native,0.5058349936973935,0.41622731561129916
Asian/Pacific Islander,1.4993813570644376,1.004495255008602
Black,12.087876341119133,21.416282812586715
Multiple,3.2591155439120305,1.4540207558688052
Other,5.308363006895109,2.652755424829347
Unknown,20.489337848749063,5.2777623619512735
White,56.850090908562834,67.77845607414396
