Race,% Cases,% Deaths
American Indian/Alaska Native,0.5629962220821194,1.0888610763454316
Asian,1.6429425599109388,1.0607008760951189
Black/African American,11.373339693006528,19.211514392991237
Caucasian,1.938065072668333,1.204630788485607
Multiple Races,6.091054718123028,2.7722152690863577
Other,0.0,0.0
Refused,22.796222664981546,2.3779724655819776
Unknown,55.595379069227505,72.28410513141426
