Race,% Cases,% Deaths
American Indian/Alaska Native,0.4893287021866876,0.2318303002202388
Asian/Pacific Islander,1.561919741354829,1.0896024110351223
Black,12.283461126766717,31.239132954677178
Multiple,4.604308464325504,1.4141648313434567
Other,5.879434151273721,2.27193694215834
Unknown,19.365620289665117,3.4542714732815583
White,55.81592752442742,60.29906108728411
