Race,% Cases,% Deaths
American Indian/Alaska Native,0.5179221981746305,0.45780876079492244
Asian/Pacific Islander,1.4948837062957494,1.0300697117885755
Black,12.31854743556032,21.52741650192488
Multiple,3.2602466338990137,1.4462594943294143
Other,5.306539371751047,2.6219956300072833
Unknown,20.00647262282813,5.202372281760483
White,57.09538803149111,67.71407761939444
