Race,% Cases,% Deaths
American Indian/Alaska Native,0.5613218890017618,1.0818164151065621
Asian,1.6347923383831693,1.065621558592991
Black/African American,11.410764149600773,19.271879251149834
Caucasian,1.9464687955478999,1.2243311524259897
Multiple Races,6.109663393352276,2.785515320334262
Other,0.0,0.0
Refused,22.858530983613797,2.3612100796786937
Unknown,55.47845845050033,72.20962622271166
