Race,% Cases,% Deaths
American Indian/Alaska Native,0.5052606275771528,0.4347347567686551
Asian/Pacific Islander,1.497637802555426,1.0015408320493067
Black,12.118049777186073,21.39555359894343
Multiple,3.259693792644367,1.4527845036319613
Other,5.309281448198074,2.635923398635263
Unknown,20.440288641112407,5.293858683689192
White,56.8697879107265,67.78560422628219
