Race,% Cases,% Deaths
American Indian/Alaska Native,0.4976676211137241,0.24201355275895448
Asian/Pacific Islander,1.6009476713010502,1.1374636979670862
Black,12.79461397464699,32.33301064859632
Multiple,4.8718856345787875,1.3915779283639884
Other,5.9492308932432865,2.2265246853823815
Unknown,18.26650451580796,3.218780251694095
White,56.019149689308215,59.45062923523717
