Race,% Cases,% Deaths
American Indian/Alaska Native,0.5168087144756165,0.38942798774259446
Asian/Pacific Islander,1.601808664750596,1.008682328907048
Black,11.700628855760975,22.095250255362615
Multiple,4.004687411945276,1.5321756894790604
Other,5.6373255894901195,2.585546475995914
Unknown,18.160737786706182,5.100868232890705
White,58.37800297687124,67.28804902962207
