Race,% Cases,% Deaths
American Indian/Alaska Native,0.5467627070196194,1.0812917052262432
Asian/Pacific Islander,1.4923824511041555,1.1446105888656177
Black,12.226326192018993,21.888851005796113
Multiple,3.134806761343927,1.422239540207491
Other,5.262552908828463,2.6545224294968586
Unknown,19.348991260951784,2.2502557108762358
White,57.988177718733056,69.55822901953144
