Race,% Cases,% Deaths
American Indian/Alaska Native,0.5039506606058908,0.39805946013185717
Asian/Pacific Islander,1.559032851154678,0.995148650329643
Black,11.58039693855134,21.855952232864784
Multiple,3.744096862324749,1.548700087075507
Other,5.505712571195195,2.6371439233735536
Unknown,19.09070669570256,5.168553302649583
White,58.01610342046558,67.39644234357507
