Race,% Cases,% Deaths
American Indian/Alaska Native,0.48627238769512904,0.20561022176531063
Asian/Pacific Islander,1.979662239859304,1.174915552944632
Black,20.109279760696865,37.62667058305184
Multiple,6.5936130714827925,1.2777206638272876
Other,6.47636656069386,1.9973564400058745
Unknown,12.44391332777164,2.3351446614774565
White,51.91089265180041,55.382581876927595
