Race,% Cases,% Deaths
American Indian/Alaska Native,0.4734582514143562,0.19391408114558473
Asian/Pacific Islander,1.9652529791758615,1.1933174224343674
Black,20.988645026682182,37.97732696897375
Multiple,6.738354130722627,1.2529832935560858
Other,6.510452192753681,1.9689737470167064
Unknown,12.908558359748024,2.3717183770883055
White,50.41527905950327,55.04176610978521
