Race,% Cases,% Deaths
American Indian/Alaska Native,0.5560957055167101,1.0948731375255867
Asian/Pacific Islander,1.4735420317530552,1.1424763174180037
Black,12.057117462239637,21.735611938877515
Multiple,3.055857974845184,1.4138144428047794
Other,5.2318213662624276,2.6419764840291333
Unknown,19.400472356289384,1.6327890703098966
White,58.225093103093606,70.33845860903509
