Race,% Cases,% Deaths
American Indian/Alaska Native,0.48804305004903475,0.30087755954868367
Asian/Pacific Islander,1.4819409402948795,0.9694943585457585
Black,11.676152318047325,25.123276222315084
Multiple,4.048934226297747,1.6213957375679064
Other,5.760961585207413,2.5323861262014207
Unknown,20.24341382865477,5.307145842039281
White,56.300554051448835,64.14542415378186
