Race,% Cases,% Deaths
American Indian/Alaska Native,0.5654334916073325,1.1083048581191504
Asian,1.8559366074878851,1.0696776110533353
Black/African American,11.584901637669507,19.197741791709998
Caucasian,1.8396798393866844,1.1112761848165205
Multiple Races,5.920483971981504,2.4543158520279307
Other,0.0,0.0
Refused,22.14087422325073,1.2063586391323726
Unknown,56.09269022861635,73.85232506314068
