Race,% Cases,% Deaths
American Indian/Alaska Native,0.5006662962023815,0.37435008665511266
Asian/Pacific Islander,1.5570290203018025,0.92894280762565
Black,11.64264943108555,22.897746967071058
Multiple,4.033384946561426,1.4766031195840554
Other,5.681771178957629,2.5788561525129983
Unknown,19.081788083638607,5.1577123050259965
White,57.50271104325261,66.58578856152513
