Race,% Cases,% Deaths
American Indian/Alaska Native,0.510117625060624,0.1936912008854455
Asian/Pacific Islander,1.9072439040067315,1.162147205312673
Black,17.23940468747261,35.915882678472606
Multiple,6.105634666962726,1.2589928057553956
Other,6.116736883315706,2.0337576092971776
Unknown,12.900775402163179,2.545655783065855
White,55.22008683101842,56.88987271721084
