Race,% Cases,% Deaths
American Indian/Alaska Native,0.5656077934609957,1.1110778353448534
Asian,1.8238592522050572,1.0571710940073673
Black/African American,11.556650228501935,19.205774010961036
Caucasian,1.8585546823470733,1.1290467491240155
Multiple Races,5.931834322092857,2.524632385972268
Other,0.0,0.0
Refused,22.207198578933006,1.3866011799586715
Unknown,56.05629514245908,73.58569674463179
