Race,% Cases,% Deaths
American Indian/Alaska Native,0.4805538292552499,0.2955373854792631
Asian/Pacific Islander,1.4867058817861667,0.9851246182642104
Black,11.501977617512875,27.85932420451187
Multiple,4.114456119052093,1.5959018815880208
Other,5.844209025258584,2.384001576199389
Unknown,20.853145640328943,4.561126982563294
White,55.71895188680609,62.31898335139395
