Race,% Cases,% Deaths
American Indian/Alaska Native,0.5638069869704626,1.1145812440904272
Asian,1.9655773623376769,1.071602532878714
Black/African American,11.756871526428505,19.002320850405432
Caucasian,1.7504307259560963,1.0773330277069426
Multiple Races,5.880001664800634,2.441190796825306
Other,0.0,0.0
Refused,21.847417725264215,1.191942924271511
Unknown,56.23589400824242,74.10102862382166
