Race,% Cases,% Deaths
American Indian/Alaska Native,0.48306345281274776,0.30778109069924015
Asian/Pacific Islander,1.4796897507965034,1.0483793401942867
Black,11.51821282945209,27.402135231316727
Multiple,4.097710668687447,1.5677599307492547
Other,5.833126093872437,2.414157930172165
Unknown,20.720817946780905,4.770606905838223
White,55.86737925759787,62.48917957103011
