Race,% Cases,% Deaths
American Indian/Alaska Native,0.5056743611518567,0.3625621055458574
Asian/Pacific Islander,1.5740474302197456,0.9466899422586276
Black,11.676656162489559,22.586276352893783
Multiple,4.031709045991452,1.4905331005774136
Other,5.674712070913723,2.5513629649523297
Unknown,18.692580869296687,5.143010608298644
White,57.84462005993698,66.91956492547334
