Race,% Cases,% Deaths
American Indian/Alaska Native,0.45472185195808795,0.18099547511312217
Asian/Pacific Islander,1.9378406195690687,1.2217194570135748
Black,21.777717785614254,38.19004524886878
Multiple,6.820827779371319,1.2518853695324283
Other,6.586295915096091,1.9306184012066365
Unknown,13.126191641216867,2.368024132730015
White,49.29640440717431,54.85671191553545
