Race,% Cases,% Deaths
American Indian/Alaska Native,0.49262114788909267,0.2829486224869695
Asian/Pacific Islander,1.503360250858139,0.9456440804169769
Black,11.62045528925557,23.603871928518245
Multiple,4.021455372976429,1.4966492926284438
Other,5.689022673130932,2.6135517498138494
Unknown,19.806452594966093,5.3164556962025316
White,56.86663267092374,65.74087862993298
