Race,% Cases,% Deaths
American Indian/Alaska Native,0.47408092043408284,0.1936829558998808
Asian/Pacific Islander,1.9632527528564374,1.1918951132300357
Black,20.897008907940656,37.961859356376635
Multiple,6.724778098258251,1.2812872467222884
Other,6.487339250713113,1.9815256257449343
Unknown,12.83444616193648,2.3539928486293205
White,50.61909390786098,55.0357568533969
