Race,% Cases,% Deaths
American Indian/Alaska Native,0.4755178907721281,0.20786933927245732
Asian/Pacific Islander,1.9632768361581923,1.1878247958426131
Black,20.699937225360955,37.8619153674833
Multiple,6.705900816070308,1.276911655530809
Other,6.497175141242938,1.9747587230883445
Unknown,12.736189579409917,2.3459539717891613
White,50.922002510985564,55.14476614699332
