Race,% Cases,% Deaths
American Indian/Alaska Native,0.4876688264519231,0.2993762993762994
Asian/Pacific Islander,1.4817389566842682,0.9729729729729729
Black,11.683654248421789,25.08108108108108
Multiple,4.056830173441926,1.6133056133056132
Other,5.752743787582033,2.5363825363825363
Unknown,20.16322231912232,5.338877338877339
White,56.374141688295744,64.15800415800416
