Race,% Cases,% Deaths
American Indian/Alaska Native,0.5635178888291908,1.1302674147180474
Asian/Pacific Islander,1.4007761396548832,1.068839837831197
Black,11.153811191576128,20.258814857283262
Multiple,2.5159872796460294,1.3350260043408821
Other,5.3881178650321075,2.6782423522666776
Unknown,20.47517306465786,1.9493017732093862
White,58.502616570603806,71.57950776035055
