Race,% Cases,% Deaths
American Indian/Alaska Native,0.5671292522920991,1.1278195488721803
Asian/Pacific Islander,1.400435417323234,1.0678291473364263
Black,11.134439626598855,19.996800511918092
Multiple,2.479053239004988,1.3117901135818268
Other,5.3864962670752785,2.70756678931371
Unknown,20.5365558562181,2.0236762118061113
White,58.495890341487446,71.76451767717165
