Race,% Cases,% Deaths
American Indian/Alaska Native,0.5084499878524323,0.3604325190228274
Asian/Pacific Islander,1.5786594328921173,0.947804031504472
Black,11.689455736535862,22.52035776264851
Multiple,4.031594162875286,1.488452810038713
Other,5.672477107515586,2.5497263382725937
Unknown,18.60675264930584,5.12615138165799
White,57.912610923022875,67.0070751568549
