Race,% Cases,% Deaths
American Indian/Alaska Native,0.5169046475192374,0.3892291985706993
Asian/Pacific Islander,1.601727528020326,1.0081674323634506
Black,11.693502454100155,22.090352220520675
Multiple,3.9952387320234894,1.5313935681470139
Other,5.635597907287348,2.57784583971414
Unknown,18.161826979748103,5.091883614088821
White,58.39520175130134,67.3111281265952
