Race,% Cases,% Deaths
American Indian/Alaska Native,0.5166478226260312,0.3935737789534809
Asian/Pacific Islander,1.6048700437215544,1.0129685786179754
Black,11.724373372272051,22.169172204658366
Multiple,4.029751613573794,1.5420349699980644
Other,5.658282336120223,2.5679076069423834
Unknown,18.214835583632894,5.071294922253049
White,58.25123922805345,67.24304793857668
