Race,% Cases,% Deaths
American Indian/Alaska Native,0.5021531066252736,0.3715681552329182
Asian/Pacific Islander,1.562254109500851,0.922039496318723
Black,11.649487117126139,22.837679763297324
Multiple,4.034571310033048,1.4793917291681002
Other,5.6767621854389905,2.573453519576137
Unknown,19.004742557118128,5.18819238973371
White,57.57002961415757,66.62767494667308
