Race,% Cases,% Deaths
American Indian/Alaska Native,0.4836646039900695,0.3072601176367307
Asian/Pacific Islander,1.482380789426076,0.9656746554297253
Black,11.61013014697388,25.79229216047757
Multiple,4.096218523111932,1.5889737512070932
Other,5.763651700454893,2.519532964621192
Unknown,20.43684569595173,5.249758581336143
White,56.12710854009142,63.576507769291545
