Race,% Cases,% Deaths
American Indian/Alaska Native,0.5056493182883198,0.39298858461730396
Asian/Pacific Islander,1.5651475368377206,0.9980662466471212
Black,11.593040813442327,21.901316199862766
Multiple,3.7634352615645525,1.5532405963445823
Other,5.494752344894787,2.619923897448693
Unknown,18.978139109349083,5.158754912357308
White,58.099835615623206,67.37570956272224
