Race,% Cases,% Deaths
American Indian/Alaska Native,0.5664611883100952,1.0920937915844537
Asian/Pacific Islander,1.4520490649361701,1.11503693846648
Black,11.777268583358154,21.383012894048548
Multiple,2.927002825516012,1.3903547010507962
Other,5.170214480294266,2.6430505208094344
Unknown,19.58469169645937,1.647317946129491
White,58.52231216112593,70.7291332079108
