Race,% Cases,% Deaths
American Indian/Alaska Native,0.510689534670491,0.361651762230405
Asian/Pacific Islander,1.5907148615498528,1.0192004208311414
Black,11.718525643465354,22.330352446081008
Multiple,4.034135927839153,1.5057864281956865
Other,5.664294290034288,2.5512887953708576
Unknown,18.43343563270489,5.11572856391373
White,58.04820410973597,67.11599158337717
