Race,% Cases,% Deaths
American Indian/Alaska Native,0.518145772725741,0.4613311217084802
Asian/Pacific Islander,1.4956924148311224,1.0315156541571635
Black,12.32373720922396,21.573709309558367
Multiple,3.2591627447236293,1.441011818370309
Other,5.306697817565063,2.622848849263944
Unknown,19.995507081962057,5.183495749533485
White,57.10105695896842,67.68608749740825
