Race,% Cases,% Deaths
American Indian/Alaska Native,0.5181265710798925,0.46111600435210615
Asian/Pacific Islander,1.4952133637360798,1.031034661416507
Black,12.32849336876578,21.579192787938446
Multiple,3.2587522973271854,1.4403398787627584
Other,5.307906398161465,2.6268069011968294
Unknown,19.98913225307031,5.181078700585462
White,57.10237574785929,67.6804310657479
