Race,% Cases,% Deaths
American Indian/Alaska Native,0.5636891220457373,1.1233332360750445
Asian,1.9262268062068735,1.0649782627724447
Black/African American,11.653470967034869,19.090829515945494
Caucasian,1.7952687273477628,1.0912380007586147
Multiple Races,5.901204780076905,2.4363201353835384
Other,0.0,0.0
Refused,21.99136764072535,1.1525107227263445
Unknown,56.1687719565625,74.04079012633852
