Race,% Cases,% Deaths
American Indian/Alaska Native,0.566788754850937,1.1029189581192966
Asian,1.7370303239974731,1.0545718257085877
Black/African American,11.462501128124906,19.169638000846074
Caucasian,1.909163382569718,1.1814830482866985
Multiple Races,5.994620724406606,2.6379404121593035
Other,0.0,0.0
Refused,22.3936084203243,2.0426663443524506
Unknown,55.93628726572606,72.8107814105276
