Race,% Cases,% Deaths
American Indian/Alaska Native,0.5662257835238621,1.1275121573352842
Asian/Pacific Islander,1.4103230981206547,1.0887808236863623
Black,11.362793486418125,20.738477428239445
Multiple,2.660308207891424,1.3512931961957222
Other,5.284403378295208,2.6724620217756163
Unknown,19.999444098108743,1.7730343848173173
White,58.71650194764199,71.24843998795025
