Race,% Cases,% Deaths
American Indian/Alaska Native,0.5327152703621008,1.0262601871415635
Asian/Pacific Islander,1.5049289124621616,1.0665056846765268
Black,12.443077018118275,21.833182412717576
Multiple,3.2433964928382943,1.4186537881074555
Other,5.27585583041364,2.6310494013482244
Unknown,19.462916221726047,4.371667169735386
White,57.53711025407948,67.65268135627326
