Race,% Cases,% Deaths
American Indian/Alaska Native,0.4972602993242214,0.3956478733926805
Asian/Pacific Islander,1.541891297446505,0.995301681503462
Black,11.54959292418382,21.797725024727992
Multiple,3.6520800798349775,1.5393175074183978
Other,5.477693042484224,2.627349159248269
Unknown,19.645554339176226,5.205242334322453
White,57.63592801755003,67.43941641938675
