Race,% Cases,% Deaths
American Indian/Alaska Native,0.533967797463403,1.029575047945897
Asian/Pacific Islander,1.5057780760934671,1.0548097304935904
Black,12.432948424600525,21.868375895831228
Multiple,3.2491468183631578,1.4232360956899162
Other,5.283558570322059,2.6345008579792064
Unknown,19.487991003114903,4.385787826789139
White,57.50660931004249,67.60371454527102
