Race,% Cases,% Deaths
American Indian/Alaska Native,0.492512227363662,0.3947062920826561
Asian/Pacific Islander,1.4881559048371171,1.00417924309264
Black,11.811871314549922,21.51149291850476
Multiple,3.3266241002649926,1.49756210819596
Other,5.337563120293823,2.6468539586719295
Unknown,20.78438217484123,5.409798003250523
White,56.758891157849256,67.53540747620154
