Race,% Cases,% Deaths
American Indian/Alaska Native,0.5171052126275858,0.39017525905078676
Asian/Pacific Islander,1.6062486746778737,1.010617884098759
Black,11.717266839313353,22.112063451451963
Multiple,4.0204638084790565,1.5351157733145708
Other,5.643743394260583,2.584111551746194
Unknown,18.111873049584997,5.0914673148266605
White,58.38329902105656,67.27644876551106
