Race,% Cases,% Deaths
American Indian/Alaska Native,0.48360659543742834,0.3114088893082948
Asian/Pacific Islander,1.4779834789028654,0.9625365669529111
Black,11.510904945649399,27.07370010380296
Multiple,4.095449036733671,1.5381711805227893
Other,5.81372671932244,2.4535245824289893
Unknown,20.771634604222676,4.925922430876663
White,55.846694619731515,62.73473624610739
