Race,% Cases,% Deaths
American Indian/Alaska Native,0.47033817175806586,0.23140495867768596
Asian/Pacific Islander,1.5092444343316342,1.046831955922865
Black,11.668548944305854,30.09366391184573
Multiple,4.310462041350911,1.399449035812672
Other,5.879365889799351,2.28099173553719
Unknown,20.88245985476401,3.9008264462809916
White,55.279580663690176,61.04683195592286
