Race,% Cases,% Deaths
American Indian/Alaska Native,0.49117133061910506,0.23587687227267368
Asian/Pacific Islander,1.5651908183111727,1.1086212996815663
Black,12.391969364660493,31.654676258992804
Multiple,4.622676645010138,1.3680858591815073
Other,5.913473628587891,2.2526241302040337
Unknown,19.194517216462355,3.3494515862719663
White,55.82100099634884,60.03066399339545
