Race,% Cases,% Deaths
American Indian/Alaska Native,0.5075890571007655,0.393233880531802
Asian/Pacific Islander,1.5720243342398854,0.9986892203982273
Black,11.591652112276297,21.902502964858623
Multiple,3.7885966664313937,1.5542100992447412
Other,5.509744057979285,2.6215592035453468
Unknown,18.892674949278636,5.161974907933337
White,58.13771882269374,67.36782972348793
