Race,% Cases,% Deaths
American Indian/Alaska Native,0.5133309877888668,0.35879705134059625
Asian/Pacific Islander,1.5940549029030404,1.017678909256964
Black,11.727321874490487,22.26498793137191
Multiple,4.030103060935529,1.5199947811337986
Other,5.666206139033578,2.5637680213973515
Unknown,18.387409574970178,5.075347380781525
White,58.08157345987832,67.19942592471786
