Race,% Cases,% Deaths
American Indian/Alaska Native,0.5149639129569669,0.43952552425333613
Asian/Pacific Islander,1.4943563120670007,1.0326202075831392
Black,12.262585243203155,21.425545435289134
Multiple,3.2503210751949063,1.450963778860411
Other,5.3054284318868365,2.6212666807879685
Unknown,20.15696507063654,5.274306291040034
White,57.01537995405459,67.75577208218597
