Race,% Cases,% Deaths
American Indian/Alaska Native,0.5069920702957565,0.20051561157261533
Asian/Pacific Islander,1.9770681525932274,1.1744485820681752
Black,18.696420917273894,36.96648524778001
Multiple,6.400021431633091,1.2460613004869665
Other,6.314294899271325,2.005156115726153
Unknown,12.558267252464638,2.4491549699226582
White,53.54693527646807,55.95817817244343
