Race,% Cases,% Deaths
American Indian/Alaska Native,0.448464292443942,0.18567228841095468
Asian/Pacific Islander,1.9201055210099869,1.1913971839702924
Black,23.296589410212924,38.588890608076746
Multiple,6.953080836630865,1.3461240909794214
Other,6.518748822310156,1.7793594306049825
Unknown,14.093649896363294,2.614884728454278
White,46.76936122102883,54.29367166950333
