Race,% Cases,% Deaths
American Indian/Alaska Native,0.506482543667886,0.205620287868403
Asian/Pacific Islander,1.8327525378238567,1.1788896504455106
Black,16.32323975671522,35.62714187799863
Multiple,5.917079716889244,1.2474297464016448
Other,6.065344905954417,2.042494859492803
Unknown,14.004567000714271,2.5771076079506514
White,55.350533538235105,57.12131596984236
