Race,% Cases,% Deaths
American Indian/Alaska Native,0.5614300967864154,1.0808179162609541
Asian,1.6323297134787509,1.0645894190197986
Black/African American,11.421289074993481,19.279454722492698
Caucasian,1.9500469908626146,1.2171372930866602
Multiple Races,6.112551726852695,2.797792924375203
Other,0.0,0.0
Refused,22.880515275720732,2.4018175916910094
Unknown,55.44183712130531,72.15839013307368
