Race,% Cases,% Deaths
American Indian/Alaska Native,0.498068600648596,0.28922631959508316
Asian/Pacific Islander,1.5310997723642024,0.9472161966738973
Black,11.631746523665637,23.39840925524223
Multiple,4.031588617472247,1.4605929139551699
Other,5.67761310768981,2.6174981923355025
Unknown,19.399034115854448,5.046999276934201
White,57.230849262305064,66.24005784526392
