Race,% Cases,% Deaths
American Indian/Alaska Native,0.5543241211377604,1.0944603468597407
Asian,1.6111177177014713,1.0506819329853512
Black/African American,11.535872339578518,19.225458831453107
Caucasian,1.9987005715749777,1.2426334399730594
Multiple Races,6.12737154619223,2.7984509176629064
Other,0.0,0.0
Refused,22.913577802128593,2.4111803333894595
Unknown,55.259035901686445,72.17713419767637
