Race,% Cases,% Deaths
American Indian/Alaska Native,0.4508740628762777,0.18281535648994515
Asian/Pacific Islander,1.92390511430053,1.2035344302254722
Black,22.355619226746587,38.37599024984765
Multiple,6.833422687842221,1.2797074954296161
Other,6.640944286731294,1.9347958561852527
Unknown,13.49985498202656,2.376599634369287
White,48.29537963947653,54.646556977452775
