Race,% Cases,% Deaths
American Indian/Alaska Native,0.49954789914383396,0.41224305398689864
Asian/Pacific Islander,1.488518522006951,1.0108425570363677
Black,12.000334366258206,21.419697311949403
Multiple,3.268665643160562,1.4626157668850237
Other,5.316188036281093,2.631578947368421
Unknown,20.68585112695557,5.398689857691439
White,56.74089440619379,67.66433250508244
