Race,% Cases,% Deaths
American Indian/Alaska Native,0.5187923473924153,0.46880634691669676
Asian/Pacific Islander,1.4957185896293108,1.0303436195971356
Black,12.342369312429152,21.601153984853948
Multiple,3.2580652756708033,1.4218741950440472
Other,5.308904010521607,2.611921075678739
Unknown,19.931066882390997,5.089897480809849
White,57.145083581965714,67.77600329709958
