Race,% Cases,% Deaths
American Indian/Alaska Native,0.4947461433874723,0.39122195733235526
Asian/Pacific Islander,1.5273252521604963,1.0086191087474783
Black,11.57120541881759,21.74338284736231
Multiple,3.5644428395173184,1.534323613912831
Other,5.439061555338526,2.616296839660126
Unknown,20.03797111678307,5.195916620820343
White,57.36524767399553,67.51023901216455
