Race,% Cases,% Deaths
American Indian/Alaska Native,0.4914540448951314,0.38413060440549784
Asian/Pacific Islander,1.504980707704204,1.0263489586459396
Black,11.625846227298792,21.637356701278435
Multiple,3.436415862496659,1.5305203769281555
Other,5.395745056268115,2.5988836204309465
Unknown,20.5428569204462,5.281795810575596
White,57.00270118089089,67.54096392773543
