Race,% Cases,% Deaths
American Indian/Alaska Native,0.5173286318298317,0.39375079385240697
Asian/Pacific Islander,1.602265863493152,1.0097802616537535
Black,11.687317367811026,22.08179855201321
Multiple,3.9765251318216692,1.517845802108472
Other,5.6223778506946145,2.5784326178076973
Unknown,18.1331113178902,5.099707862314238
White,58.46107383645951,67.31868411025023
