Race,% Cases,% Deaths
American Indian/Alaska Native,0.5687870340054132,1.0891884653155968
Asian/Pacific Islander,1.4401093342755524,1.1159717882331934
Black,11.631625733984938,21.06954736184269
Multiple,2.837110416733258,1.3704133559503615
Other,5.180160528564184,2.647085081689135
Unknown,19.639480247522574,1.776627086867244
White,58.70272670491408,70.93116686010178
