Race,% Cases,% Deaths
American Indian/Alaska Native,0.5626852761342253,1.1050963453285838
Asian,1.9878307061033602,1.0630241494404398
Black/African American,11.834180520295142,18.867977449303
Caucasian,1.719499060718769,1.0742434016772782
Multiple Races,5.8410522519859835,2.412139230920259
Other,0.0,0.0
Refused,21.66675635149277,1.2144840546377584
Unknown,56.387995833269756,74.26303536869267
