Race,% Cases,% Deaths
American Indian/Alaska Native,0.4476205434270457,0.18267620642411325
Asian/Pacific Islander,1.9213653735406524,1.2026183589587456
Black,22.255379299513116,38.362003349063784
Multiple,6.821632375268311,1.2939564621708022
Other,6.656719543479399,1.9333231846551988
Unknown,13.42948885747692,2.3747906835134724
White,48.46779400729456,54.65063175521389
