Race,% Cases,% Deaths
American Indian/Alaska Native,0.5087030497926031,0.3637566137566137
Asian/Pacific Islander,1.5890039746757365,1.0052910052910053
Black,11.715937167549734,22.380952380952383
Multiple,4.034105282125741,1.488095238095238
Other,5.6672915720934105,2.5462962962962963
Unknown,18.470633487769295,5.119047619047619
White,58.01432546599348,67.09656084656085
