Race,% Cases,% Deaths
American Indian/Alaska Native,0.5088522818906583,0.22681451612903228
Asian/Pacific Islander,1.6723404424353407,1.159274193548387
Black,13.69650794659633,33.35433467741936
Multiple,5.190611059691828,1.3734879032258065
Other,5.966799474066806,2.1421370967741935
Unknown,16.798480990534,2.9485887096774195
White,56.16640780478504,58.795362903225815
