Race,% Cases,% Deaths
American Indian/Alaska Native,0.56939739508163,1.0957298101636832
Asian/Pacific Islander,1.4439735113308148,1.1047481625107092
Black,11.685303781157323,21.18861883933805
Multiple,2.8701918090453145,1.3798079090950084
Other,5.167558236221691,2.642377237678676
Unknown,19.644298027413345,1.7450511791495693
White,58.61927723974988,70.8436668620643
