Race,% Cases,% Deaths
American Indian/Alaska Native,0.5589361598348376,1.0793504092949564
Asian,1.6262404351240858,1.0628465804066543
Black/African American,11.469290365095308,19.263269078426195
Caucasian,1.9632943687306326,1.2377871666226563
Multiple Races,6.121669900167929,2.808951676789015
Other,0.0,0.0
Refused,22.915785292861642,2.4491682070240297
Unknown,55.34478347818557,72.09862688143649
