Race,% Cases,% Deaths
American Indian/Alaska Native,0.5359877488514548,1.0466789027233494
Asian/Pacific Islander,1.4984717924101503,1.0714817203234286
Black,12.374764503104204,21.821518924549828
Multiple,3.1975540182620277,1.4187211667245399
Other,5.26164315768681,2.639019792648445
Unknown,19.408023992540564,3.665856441291731
White,57.72355478714479,68.33672305173867
