Race,% Cases,% Deaths
American Indian/Alaska Native,0.5335131742364552,1.030667407669378
Asian/Pacific Islander,1.503830522206345,1.055928863739706
Black,12.428497660732807,21.86126408326176
Multiple,3.25260524476614,1.4247461223664932
Other,5.2945117363995315,2.637296013742232
Unknown,19.51563146859684,4.380336482594857
White,57.47141019306188,67.60976102662556
