Race,% Cases,% Deaths
American Indian/Alaska Native,0.46312319736299956,0.18001800180018002
Asian/Pacific Islander,1.946435929130614,1.2001200120012
Black,21.403378656777917,38.10381038103811
Multiple,6.796868562010713,1.2601260126012601
Other,6.5504738360115375,1.9201920192019204
Unknown,13.098475484136795,2.4002400240024
White,49.74124433456943,54.93549354935493
