Race,% Cases,% Deaths
American Indian/Alaska Native,0.4825302632886999,0.20645922430320013
Asian/Pacific Islander,1.9737093653694682,1.1797669960182864
Black,20.3442711957727,37.72304969768471
Multiple,6.634599943411665,1.2829966081698865
Other,6.463305523480336,1.9908568057808582
Unknown,12.526669164710292,2.344786904586344
White,51.57491454396684,55.27208376345671
