Race,% Cases,% Deaths
American Indian/Alaska Native,0.49772933696639415,0.2041113864994897
Asian/Pacific Islander,1.980018165304269,1.1809301647470476
Black,19.69336966394187,37.46901880740633
Multiple,6.534423251589463,1.2538270884968654
Other,6.429791099000909,2.01195509549497
Unknown,12.437420526793824,2.347280944744132
White,52.427247956403264,55.53287651261116
