Race,% Cases,% Deaths
American Indian/Alaska Native,0.5637172055614884,1.123562544003755
Asian,1.9041693784469298,1.0707580380192443
Black/African American,11.610575899579699,19.129899084721895
Caucasian,1.814495982510212,1.0942267073456935
Multiple Races,5.906192243425037,2.449542360948134
Other,0.0,0.0
Refused,22.050053743212583,1.1499647969960103
Unknown,56.15079554726405,73.98204646796526
