Race,% Cases,% Deaths
American Indian/Alaska Native,0.5410114543893245,1.0819849505729602
Asian/Pacific Islander,1.497137962079297,1.1360841981016083
Black,12.304371963048212,21.91511336251414
Multiple,3.1643556204270293,1.4410072296267153
Other,5.261762632783797,2.641026902080362
Unknown,19.386590317932594,2.8475876653715635
White,57.84477004933974,68.93719569173265
